Zak;SQM;Vacant
810092305;448,285;1
810092405;448,14;4
810092505;435,38;3
810092605;441,79;3
810092705;451,76;1
810092805;446,405;5
810092905;451,315;3
810093005;456,695;1
810093105;483,01;4
810093205;446,37;2
810093305;471,87;0
810093405;430,69;1
810093505;463,285;4
810093605;458,185;4
810093705;437,05;2
810093805;447,005;3
810097605;445,57;3
810097705;451,445;2
810097805;453,155;2
810097905;468,58;2
810129401;1292,925;12
810129501;1106,64;7
810129601;1291,165;3
810129701;1311,835;11
810129901;613,465;1
810130101;1309,57;13
810130201;1305,72;10
810130401;1212,095;6
810130501;1209,29;11
810133104;1003,82;5
810133204;810,895;2
810133505;454,165;2
810133605;563,277;2
810133705;685,06;3
810134004;456,58;6
810134104;553,47;4
810134204;698,075;4
810134304;450,71;5
810134404;454,95;5
810134504;462,02;4
810134604;451,805;5
810134704;449,91;4
810134804;452,12;3
810134904;442,495;2
810135004;452,845;4
810135104;672,72;5
810137701;705,44;3
810137801;452,55;3
810137901;427,67;2
810138001;425,59;4
810138101;438,57;2
810138201;682,105;2
810175702;51,9;0
810175802;51,9;1
810175902;51,9;1
810178701;606,7;4
810178801;594,91;3
810178901;593,235;4
810179001;594,12;3
810179101;598,035;6
810179201;596,895;3
810180302;48,8;1
810209502;62,51;1
810229901;624,84;1
810329901;622,16;2
811000702;698,575;1
811005202;697,03;0
811167306;592,995;1
811167406;604,605;0
811167506;806,265;1
811167606;688,84;0
811167706;682,67;0
811167806;688,92;1
811167906;787,09;1
811168006;591,77;0
811168106;591,87;0
811168206;626,12;1
811168306;636,725;1
811168406;630,625;0
811168606;789,47;1
811168706;612,41;1
811168906;614,93;2
811169006;792,385;1
811169106;611,81;2
811169206;613,055;3
811169306;781,67;0
811169406;630,835;3
811169506;627,75;3
811169606;785,11;3
811169706;610,56;2
811169806;598,655;2
811169906;785,165;0
811170006;611,87;0
811170106;625,48;1
811170206;624,75;1
811170306;647,275;2
811170406;637,135;1
811170506;626,615;1
811170606;624,15;2
811171006;601,755;0
811171106;595,025;0
811171206;598,515;1
811171306;597,97;1
811171406;595,35;1
811171506;597,605;0
811171606;597,425;1
811171706;599,545;1
811171806;594,32;2
811171906;604,445;0
811172006;829,34;5
811172106;692,855;3
811172206;682,215;0
811172306;683,69;1
811172406;700,59;0
811172506;947,365;4
811172606;599,47;1
811172706;602,28;0
811173007;784,65;2
811173107;693,53;0
811173207;770,295;2
811173307;825,465;1
811173407;973,43;3
811173507;619,925;2
811173607;613,46;0
811173707;622,13;0
811173807;611,87;1
811173907;606,45;4
811174007;605,425;1
811174408;613,325;2
811174508;768,39;2
811174608;625,3;1
811174707;604,03;2
811174807;597,11;0
811174907;597,4;0
811175007;598,2;0
811175107;613,1;0
811175208;621,97;0
811175308;787,72;0
811175408;612;2
811175508;634,595;1
811175608;804,605;1
811175708;641,95;0
811176208;613,69;0
811176308;643,335;1
811176408;796,61;1
811176508;674,72;0
811176708;698,805;1
811176808;688,015;2
811177008;621,085;0
811177108;619,27;0
811177208;620;2
811177308;616,535;0
811177408;659,015;0
811177508;632,105;1
811177608;657,5;0
811177708;664,345;2
811177808;633,87;0
811177908;656,17;0
811178008;654,315;0
811178108;630,395;0
811178208;656,585;0
811178408;632,845;4
811178508;803,755;1
811178608;632,125;1
811241807;2247,22;3
812108104;409,265;4
812108204;403,54;6
812108304;398,68;4
812114903;392,85;2
812115003;383,65;3
812115103;392,79;1
812115203;404,06;3
812115303;389,34;3
812115403;405,81;2
812115503;389,94;2
812115603;386,71;3
812115703;393,385;2
812115803;400,33;2
812115903;387,52;2
812116003;388,535;2
812116103;387,6;3
812116203;386,71;4
812116303;390,58;2
812116403;394,07;1
812116503;388,9;2
812116603;388,75;1
812119304;417,64;7
812119404;414,535;5
812119504;412,19;6
812119604;412,39;6
812119704;414,92;8
812119804;403,725;6
812119904;403,84;4
812120004;423,825;7
812120104;401,135;8
812120204;400,72;4
812126502;406,65;7
812126602;411,435;6
812126702;404,86;5
812126802;399,46;6
812126904;406,46;6
812127004;402,61;4
812127104;403,11;6
812127204;432,7;5
812127304;402,71;4
812127404;418,215;7
812127504;409,195;5
812127604;412,625;3
812127704;425,905;6
812127804;411,415;7
812127904;412,755;5
812128004;410,07;5
812128104;409,04;8
812128204;410,72;6
812128304;406,37;5
812128404;406,125;8
812128804;407,32;6
812128904;414,98;4
812129004;396,32;7
812129102;421,31;2
812129202;399,27;7
812129302;409,82;7
812141203;439,29;2
812141303;368,95;4
812141403;359,57;3
812141503;366,27;1
812142203;410,395;3
812142303;512,56;3
812142403;336,775;1
812142503;340,25;1
812142603;493,435;4
812142703;456;4
812142803;458,49;2
812160205;778,475;1
812160305;668,805;0
812160405;660,78;2
812160505;674,605;0
812160605;785,49;2
812160705;657,55;0
812160805;983,3;0
812160905;652,84;1
812161005;657,79;0
812161105;613,1;0
812161205;827,06;0
812161305;644,325;1
812161505;787,52;4
812161605;666,72;0
812161705;671,535;0
812161805;671,93;0
812161905;665,3;1
812162005;774,68;2
812162105;888,38;2
812162205;351,51;0
812162305;349,47;1
812162405;615,485;1
812162505;996,225;1
812164006;667,99;0
812164106;627,26;1
812164206;634,39;0
812164606;652,17;1
812164706;634,22;2
812164806;649,18;3
812164906;634,7;2
812165006;628,895;0
812165106;648,24;2
812165306;692,65;0
812165406;689,635;0
812165506;691,05;0
812165606;694,79;0
812166006;745,71;0
812166106;696,71;0
812166206;711,695;1
812166306;685,85;0
812166406;695,235;0
812166506;785,905;1
813096602;326,64;2
813096702;299,025;1
813096802;325,515;1
813096902;319,54;4
813116704;409,69;5
813116804;411,17;1
813116904;414,245;4
813117004;412,02;7
813117104;401,4;2
813117204;407,19;3
813117304;405,1;1
813117404;418,98;0
813117504;406,565;3
813117604;405,82;3
813117704;413,42;2
813117804;414,825;3
813117904;409,16;3
813118004;413,02;7
813118104;414,69;1
813118204;406,99;1
813118304;407,14;3
813118404;407,765;1
813118504;416,39;1
813118604;407,845;2
813118704;301,79;2
813118804;309,4;1
813118904;300,03;6
813119004;404,27;5
813119104;352,87;3
813119204;307,145;2
813128504;412,85;2
813128604;408,98;6
813128704;402,34;5
813151505;510,685;1
813151605;508,66;1
813151705;524,715;1
813151805;526,26;0
813151905;805,955;2
813152005;680,99;2
813152105;684,29;4
813152205;797,53;5
813152305;671,495;1
813152405;685,3;2
813152605;656,61;1
813152705;771,005;1
813152805;649,91;0
813152905;650,23;4
813154005;655,015;1
813154105;654,87;0
813154205;680,09;0
813154405;659,855;0
813154505;659,62;0
813154707;512,8;0
813154807;521,385;1
813154907;737,84;0
813155007;771,85;1
813155107;648,92;0
813155207;654,255;0
813155307;777,02;2
813155407;666,955;2
813155507;659,82;2
813155607;617,905;0
813155707;651,655;0
813155807;662,7;1
813155907;647,235;1
813156007;776,87;2
813156107;508,915;2
813156207;537,175;2
813156307;602,25;1
813157105;597,105;1
813157205;504,57;2
813157305;804,955;3
813157405;508,31;0
813157505;523,685;0
813157605;525,27;0
813157705;829,31;3
813157805;801,815;0
813157905;493,05;1
813158305;788,16;4
813158405;670,28;2
813158505;673,605;2
813158605;665,3;2
813158705;666,875;2
813158805;775,815;6
813158905;662,745;0
813159005;663,365;1
813241502;1419,295;1
813242207;1167,875;0
813242307;1433,115;1
813242807;1030,325;0
813242907;1032,05;2
813243007;1185,95;3
813243107;1189,065;2
813243207;1048,386;2
813243307;1441,735;3
813244207;1390,41;1
813244307;1511,17;4
813244607;1172,545;0
813244707;1454,61;1
813245107;3797,425;4
813245207;2255,035;1
813245307;2246,405;3
813245407;2246,72;0
814098201;447,23;2
814098301;454,73;1
814098401;463,26;3
814098501;474,78;3
814108403;431,48;2
814108503;437,425;2
814108603;465,925;2
814108703;457,36;1
814108803;444,65;0
814108903;457,365;3
814109003;460,22;5
814109103;473,15;5
814109203;461,775;3
814109303;457,205;3
814109403;458,75;4
814109503;448,25;2
814109603;581,03;4
814109703;598,63;0
814109803;580,31;1
814109903;588,44;3
814110003;587,79;2
814110103;578,3;1
814110203;596,14;4
814110303;573,715;6
814110403;623,19;3
814110503;574,15;3
814110603;606,46;5
814110703;605,11;7
814110803;605,01;6
814110903;611,86;6
814111003;598,71;5
814111301;577,09;1
814111401;608,2;1
814111501;603,55;6
814111601;601,34;1
814111701;596,94;9
814111801;578,27;2
814111901;586,155;0
814112001;630,96;4
814112101;582,17;4
814112201;598,855;3
814112301;595,62;5
814112401;584,555;1
814112501;514,29;2
814112601;606,06;4
814112701;619,36;5
814112801;608,96;6
814112901;593,07;4
814113001;589,99;5
814113103;326,09;1
814113203;389,92;1
814113303;342,295;3
814113403;388,225;1
814113503;397,61;4
814113603;387,19;2
814113703;389,95;1
814113803;399,84;1
814113903;385,81;1
814114003;394,215;2
814114103;395,68;2
814114203;389,31;1
814114303;390,715;1
814114403;396,5;2
814114503;390,28;1
814114603;388,2;2
814114703;394,875;3
814114803;397,72;1
814124002;407,73;8
814124102;401,42;8
814124302;412,27;8
814124402;412,18;8
814124502;416,56;8
814124602;405,17;8
814124702;400,97;8
814125502;413,46;7
814125602;419,76;5
814125702;407,41;7
814125802;398,86;8
814125902;405,37;6
814126002;405,42;7
814126102;400,57;6
814126202;416,32;7
814126302;408,02;6
814126402;415,82;5
814135703;472,38;2
814135803;478,23;2
814135903;470,38;2
814136003;464,515;2
814136103;833,43;6
814136203;425,04;6
814136303;360,35;2
814136403;486,2;2
814136503;350,7;3
814136603;442,85;2
814136703;696,44;7
814136801;473,48;1
814136901;706,13;5
814137001;422,7;2
814137101;369,26;4
814137201;360,73;1
814137301;348,48;3
814137401;428,07;4
814137501;687,35;9
814137601;453,16;5
814138402;422,85;4
814138502;414,3;2
814138602;659,94;1
814138702;424,23;8
814139003;507,83;2
814139103;339,32;1
814139203;363,705;2
814139303;341,845;4
814139503;459,725;4
814139603;465,35;5
814139703;528,24;1
814139803;351,125;2
814139903;350,485;1
814140003;519,25;2
814140103;409,32;6
814140203;349,135;1
814140303;347,25;2
814140403;466,53;3
814140503;336,475;1
814140603;362,9;3
814140703;451,705;3
814140803;339,855;2
814140903;346,375;1
814141003;348,99;5
814141103;416,68;2
814143203;352,42;3
814143303;528,79;4
814143602;423,5;8
814143702;658,24;12
814143802;430,65;8
814143902;442,65;8
814245904;6161,98;44
815042509;796,1;1
815042609;782,71;1
815042709;824,51;0
815042809;650,76;0
815042909;731,055;1
815043009;648,22;1
815047109;650,085;0
815047209;642,155;2
815047309;644,78;0
815047409;648;0
815047809;628,18;1
815047909;620,115;0
815048009;620,185;0
815049109;969,59;0
815049209;975,145;0
815049309;976,17;0
815053109;614,375;0
815053209;624,54;0
815053309;639,335;2
815055108;238,34;0
815081809;707,46;0
815081909;694,015;1
815082009;712,385;1
815082109;698,935;0
815082209;1432,44;0
815082309;1601,62;1
815082409;1394,305;1
815082509;1598,85;0
815082609;1610,97;0
815096308;440,94;0
815096408;449,4;0
815102109;173,085;0
815105009;207,5;0
815105109;204,57;0
815105209;207,5;0
815105309;207,5;0
815105409;207,5;0
815105509;210,11;0
815105609;207,5;0
815105709;207,5;1
815105809;207,5;0
815105909;203,6;1
815106009;207,5;0
815106109;207,5;0
815106209;207,5;0
815106309;207,5;0
815106409;207,5;0
815106509;207,5;0
815106609;207,5;0
815106709;207,5;0
815106809;207,5;0
815106909;207,5;0
815107009;207,5;0
815107109;207,5;0
815107209;207,5;0
815107309;207,5;0
815107409;207,5;0
815107509;207,5;0
815107609;207,5;0
815107709;207,5;0
815107809;207,5;0
815107909;207,5;0
815108009;207,5;0
815108109;207,5;0
815108209;207,5;0
815108309;211,4;0
815108409;207,5;0
815108509;207,5;0
815108609;207,5;1
815108709;207,5;0
815108809;210,13;0
815108909;207,5;0
815109009;214,62;0
815109109;207,5;0
815109209;207,5;0
815109309;207,5;0
815109409;207,5;0
815109509;207,5;0
815147708;227,05;1
815147808;239;0
815147908;237,28;0
815180008;502,165;0
815180108;479,8;0
815180208;507,955;0
815180308;486,78;1
815180408;482,705;0
815180508;474,955;0
815180608;483,8;0
815180708;484,925;1
815181008;477,905;0
815181108;478,76;0
815181208;475,525;0
815181308;474,09;1
815181408;471,9;0
815181508;477,76;0
815181608;477,1;1
815181708;482,285;1
815235108;703,39;1
815235208;702,27;0
815235308;701,645;0
815235408;703,14;0
815235508;700,8;1
815235608;703,185;0
815235708;709,75;0
815235808;762,96;1
815236208;5216,67;3
816040709;799,015;0
816040809;784,515;0
816040909;794,8;0
816041009;798,085;1
816041109;785,25;0
816041209;796,485;1
816084409;3843,1;1
816086010;814,16;0
816086110;727,29;0
816086210;723,92;0
816086310;824,07;0
816086410;822,535;2
816218508;409,69;1
816218608;412,01;1
816218708;411,33;0
816218808;410,48;2
816219308;409,92;0
816219408;403,595;0
816219508;410,01;1
816219608;412,51;1
816290110;1297,405;2
816290210;1292,51;1
816290310;1285,85;2
816290410;1286,75;2
816290510;1289,08;1
816290610;1281,835;0
816290710;1295,72;4
816291210;1301,65;3
816291310;1277,135;3
816291410;1299,09;1
816291510;1313,225;5
816291610;1299,365;1
816291710;1278,42;2
816291810;1285,77;2
816291910;1259,97;1
816292010;1290,865;3
816294010;1820,92;1
816294110;1768,87;0
816294210;1806,98;2
816294910;1768,185;2
816295010;1728,835;1
816295110;1738,985;4
816295210;3844,17;3
816296510;706,205;0
816296610;684,94;1
816296710;689,27;0
816296810;707,675;0
816296910;683,125;1
816297010;683,78;0
816297110;680,33;1
816297210;681,58;0
816297310;681,74;0
816297410;682,44;0
816297510;683,085;1
817028031;1107,685;0
817028131;1360,735;0
817028231;1334,855;1
817040031;443,01;0
817040131;299,21;0
817040231;416,32;0
817040331;273,21;0
817040431;272,05;0
817040531;426,34;0
817040631;259,25;0
817040731;413,63;0
817043131;378,73;0
817043231;277,89;1
817043331;403,89;1
817043431;248,27;0
817043531;386,02;0
817043631;258,725;0
817043731;446,61;0
817043831;284,4;0
817044731;212,22;0
817044831;225,87;0
817045131;352,6;0
817045231;376,05;0
817045331;349,13;0
817045431;353,82;1
817045531;350,78;0
817045631;352,84;0
817045731;354,2;0
817045831;346,78;0
817046031;277,14;0
817046131;301,79;0
817046231;242,36;1
817046331;243,1;0
817046431;293,51;0
817046531;304,86;0
817046831;254,4;0
817046931;303,97;0
817047831;1027,115;0
817047931;1024,685;0
817048131;1025,13;0
817048231;1019,95;0
817048331;315,42;0
817048431;268,46;0
817048631;3936,17;2
817048731;293,43;0
817048831;291,5;0
817048931;300,02;0
817049231;511,94;0
817049331;545,6;0
817049431;508,845;0
817064731;820,055;0
817064831;809,28;1
817064931;804,795;0
817065031;795,365;0
817065131;968,935;0
817065231;811,51;0
817065331;836,66;0
817065431;737,24;0
817065531;736,77;0
817065631;989,255;1
817065731;977,205;0
817065831;720,2;0
817065931;721,995;0
817066031;982,745;1
817066131;724,665;0
817066231;716,48;0
817066331;717,83;0
817066431;2278,43;0
817066531;2299,685;0
817066631;2272,005;1
817122731;536,935;0
817122831;539,745;0
817122931;537,855;0
817123031;1158,345;0
817123131;1014,68;1
817123231;1302,5;0
817123331;1005,555;0
817124431;424,94;0
817124531;514,11;0
817124631;200,11;0
817127531;661,065;0
817127631;681,97;0
817127731;519,66;0
817127831;897,025;1
817127931;667,65;0
817128031;682,1;0
817128131;664,56;1
817128331;283,525;0
817128431;450,855;2
817128531;702,135;0
817128631;446,985;0
817173131;3962,555;0
817176431;1086,315;1
817176531;1004,14;0
817948631;252,05;0
818028432;316,435;0
818028632;230,38;0
818028732;215,875;0
818028832;208,43;0
818039232;510,185;4
818039332;482,945;2
818045432;128,35;0
818051232;134,6;0
818051332;100,77;0
818052532;263,05;0
818054332;105,72;0
818054432;106,68;0
818054532;100,18;0
818054632;99,685;0
818054732;111,185;0
818054832;56,52;0
818054932;105,66;0
818055032;107,93;0
818055132;105,685;0
818055232;106,43;0
818055332;107,73;0
818055432;112,73;0
818055532;113,04;0
818055632;108,5;0
818055732;122,87;0
818055832;109,23;0
818055932;106,96;0
818056032;110,385;0
818056132;115,54;0
818056232;108,44;0
818056332;113,28;0
818056432;110,13;0
818056532;130,61;0
818056632;136,25;0
818056732;120,32;0
818056832;138,13;0
818056932;115,16;0
818057032;118,78;0
818057132;118,12;0
818057232;113,34;0
818057332;113,37;1
818057432;111,82;0
818057532;116,06;0
818057632;111,64;0
818057730;129,5;0
818058032;105,64;0
818058232;105,06;0
818058432;106,71;0
818058532;111,44;0
818058732;102,64;0
818059132;101,84;0
818059432;124,84;1
818059532;99,64;1
818059632;111,64;0
818059932;112,375;0
818060032;111,64;0
818060132;108,64;0
818060232;117,94;0
818060332;110,87;0
818060432;108,64;0
818060532;111,64;1
818060632;108,64;0
818060732;111,64;0
818060832;112,14;0
818060932;108,64;0
818061032;110,1;0
818061132;110,87;0
818061232;107,87;0
818061432;119,64;0
818061532;52,82;0
818061632;111,64;0
818061732;138,14;0
818061832;108,58;0
818061932;110,87;0
818062032;110,1;0
818062132;57,69;0
818062232;110,39;1
818062332;108,64;0
818062432;112,64;0
818062832;111,64;0
818063332;107,49;2
818063532;133,04;0
818064032;109,44;1
818064132;104,02;0
818064432;111,64;1
818064532;112,64;0
818064632;113,59;0
818064732;95,64;0
818064832;110,39;0
818064932;111,64;0
818065232;185,87;0
818065332;208,045;0
818065432;172,42;0
818065532;128,965;0
818065632;179,92;0
818066632;125,14;0
818066732;107,39;0
818067132;109,14;1
818067432;109,62;0
818067532;108,1;0
818067632;139,53;0
818067732;116,92;0
818067832;120,865;0
818067932;103,07;0
818068032;109,34;0
818068132;106,785;0
818068232;130,52;0
818068532;118,89;0
818068632;121,5;0
818068732;132,22;0
818068832;122,81;0
818068932;126,8;0
818069132;143,02;0
818069232;113,32;0
818069332;115,26;0
818069432;110,87;0
818069532;111,64;1
818069632;111,64;0
818069732;108,64;1
818069832;112,64;0
818069932;114,65;0
818070032;110,64;0
818070232;105,78;0
818070332;110,14;0
818070432;107,64;0
818070532;108,65;0
818070632;111,64;0
818070732;111,64;0
818071032;252,05;1
818071932;171,46;1
818073032;132,735;0
818073132;136,64;0
818073232;129,34;0
818073332;129,34;1
818073432;141,54;0
818073532;199,54;0
818073632;190,76;0
818073732;177,51;0
818073832;85,25;0
818073932;172,95;0
818074132;138,16;0
818074430;108,15;0
818074632;160,88;0
818074732;152,48;0
818074832;156,59;0
818074932;163,73;0
818075032;140,38;0
818075132;166,88;0
818075232;168,39;0
818075332;168,23;0
818089030;687,825;16
818089130;627,74;14
818093730;179,475;1
818095832;55,93;0
818095932;76,43;0
818096032;49,53;0
818096132;76,43;0
818096232;55,93;1
818096332;55,93;1
818096432;75,44;0
818096532;78,43;0
818096930;431,83;0
818097030;425,9;0
818097130;438,17;0
818097230;409,19;0
818097330;441,65;0
818097432;79,35;0
818097530;381,56;0
818097830;426,11;0
818098030;417,13;0
818098130;431,48;0
818098230;394,965;0
818098330;407,785;0
818098530;121,36;0
818099030;153,22;0
818099632;297,86;1
818099732;292,99;2
818099832;288,63;0
818100430;434,37;0
818100530;462,8;0
818100630;449,5;0
818100730;432,2;0
818100830;429,4;0
818100930;376,43;0
818101030;417,59;0
818101130;381,5;0
818101230;397,425;0
818101330;429,5;0
818101530;447,5;0
818101630;461,7;0
818101730;456,8;0
818101830;462,35;0
818101930;376,9;0
818102030;428,4;0
818102130;418,07;0
818102230;460,44;0
818102330;451,895;0
818102430;422,975;0
818102530;424,55;0
818102630;390,28;0
818102730;403,035;0
818102830;439,69;0
818102930;433,7;0
818103030;442,12;0
818103130;460,15;0
818103230;384,765;0
818103330;454,345;0
818103430;405,65;0
818103530;438,72;0
818103630;399,5;0
818103730;368,495;0
818103830;409,85;0
818103930;443,7;0
818104030;430,7;0
818121130;796,1;0
818121230;807,22;2
818121330;823,675;0
818121430;786,02;0
818121530;994,825;1
818121630;732,845;1
818121730;737,53;0
818121830;812,843;1
818121930;987,655;1
818122030;958,535;1
818122230;953,52;0
818122330;724,535;0
818122430;736,445;1
818122530;825,46;1
818122830;709,335;1
818122930;803,845;2
818123030;961,95;3
818123130;796,315;0
818123230;824,53;1
818900932;434,32;0
818901032;432,98;1
818901132;455,03;1
818974432;113,37;0
818997532;90,5;0
820012812;374,46;0
820012912;265,7;1
820023213;183,4;0
820031912;189,96;1
820032012;394,455;1
820032112;400,24;0
820032212;350,63;0
820032412;349,795;0
820046113;107,2;0
820047612;360,15;0
820048212;307,8;1
820050512;66,9;0
820057512;128,26;0
820057612;129,37;0
820057712;118,26;0
820057812;135,62;0
820057912;135,62;0
820058012;135,62;0
820058112;135,66;1
820058212;129,37;0
820058312;135,62;0
820058412;135,62;0
820059212;58,02;0
820062513;149,56;1
820073212;100,04;2
820075916;123,55;1
820078112;158,23;0
820078416;37;0
820085212;165,7;0
820100112;131,56;0
820100212;131,56;0
820100312;131,56;0
820100412;123,08;0
820100512;131,56;0
820100612;100,54;0
820100712;105,44;0
820100812;105,44;0
820100912;105,44;0
820101012;105,44;0
820101312;105,44;0
820101412;105,44;0
820101512;105,44;0
820101612;100,54;0
820101712;105,44;0
820101812;105,44;0
820101912;111,04;1
820102012;105,44;0
820102112;105,44;0
820102212;105,44;0
820102312;105,44;0
820102412;105,44;0
820102512;105,44;0
820102612;105,44;0
820102712;105,44;0
820102812;105,44;0
820102912;105,74;0
820103012;105,44;0
820103112;105,44;0
820103212;100,84;0
820103312;105,44;0
820103412;105,44;0
820103512;105,44;0
820103612;100,54;0
820103712;105,44;0
820103812;105,44;0
820103912;105,44;0
820104012;105,44;0
820104112;105,44;0
820104212;105,44;0
820104312;105,44;0
820104412;105,44;0
820104612;105,44;0
820105812;104,62;0
820106012;105,44;0
820106112;105,44;0
820106212;105,44;0
820106312;104,84;0
820106412;105,44;0
820106512;105,44;0
820106612;113,92;0
820106712;105,44;0
820106812;105,44;0
820106912;47,82;0
820107012;105,44;0
820107112;105,44;0
820107212;98,46;1
820107312;105,44;0
820107912;131,56;0
820108012;131,56;0
820108112;131,56;0
820108212;131,56;0
820108312;131,56;0
820108412;131,56;0
820108512;131,56;0
820108612;131,56;0
820108712;131,56;0
820108812;123,08;0
820109012;132,68;0
820109112;131,56;0
820109212;131,56;0
820109312;123,08;0
820145113;116,11;0
820155813;505,67;1
820155913;367,42;0
820156013;505,52;0
820164913;186,4;0
820904013;304,77;0
820963412;47,2;0
820984013;380,77;0
820984113;392,98;0
821042712;116,55;1
821044911;124,59;0
821045011;146,34;2
821057212;231,14;0
821057312;267,7;0
821057412;318,6;0
821057512;235,8;0
821057612;248,28;0
821057712;268,3;0
821057812;264,8;0
821057912;265,1;0
821058012;279,84;0
821058112;268,37;0
821058212;211,5;1
821058312;252,76;0
821062512;253,26;0
821062612;257,76;0
821062712;282,1;0
821062912;347,3;0
821063012;351,95;0
821063112;348,9;0
821063212;336,1;1
821063312;273,63;0
821063412;301,07;1
821063512;259,46;0
821063612;286,23;0
821074511;161,3;2
821075011;93,06;1
821075711;137,43;1
821075811;84,58;0
821077912;399,4;2
821078012;414,74;1
821083113;3581,08;1
821084215;3418,02;2
821084315;3430,315;2
821084415;1326,425;1
821084515;1346,72;0
821084615;1351,905;0
821084715;1348,315;1
821084815;1339,16;0
821086013;1311,89;0
821086513;1309,45;1
821086813;563,23;0
821086913;457,985;0
821087013;652,255;2
821087113;1393,745;0
821087313;1450,97;0
821090315;3899,045;1
821090415;3917,29;3
821092411;103,32;0
821093015;1705,12;1
821093215;1694,68;2
821093315;1691,195;0
821093915;2242,79;2
821100211;102,9;1
821103913;1947,005;0
821104013;1566,495;2
821104113;1566,695;1
821104213;1389,695;0
821104313;1382,865;1
821104413;1578,565;0
821104513;1564,6;0
821104613;1568,44;1
821105211;102,9;1
821108511;102,9;1
821109211;102,9;1
821109311;102,9;0
821109411;102,9;1
821109611;102,9;0
821109711;102,9;1
821109811;102,9;0
821109911;98;0
821110011;100,45;1
821110611;99,53;0
821110811;102,9;1
821111011;102,9;0
821111111;100,45;0
821111311;102,9;1
821111511;102,9;0
821111611;113,175;0
821111811;102,9;0
821111911;102,9;1
821112511;131,56;1
821113211;115,08;0
821115013;187,62;0
821904411;102,9;0
821904511;102,9;0
822001614;171,74;0
822010413;267,435;1
822013513;135,115;0
822015914;519,805;0
822016414;250,13;2
822018913;222,875;2
822019013;208,725;1
822019113;225,84;0
822019313;209,955;1
822019413;222,3;0
822021113;227,715;0
822021213;168,1;0
822021313;187,075;0
822021413;203,335;0
822021913;213,515;0
822022013;204,735;0
822024014;128,55;1
822024414;80,17;2
822027014;278,53;0
822027714;176;1
822028614;140,78;0
822029214;373,21;0
822029414;299,43;0
822029814;204,15;2
822030914;277,33;0
822031014;321,45;0
822031214;401,365;0
822031414;335,67;0
822031514;295,59;0
822031913;219,255;2
822032614;288,63;0
822032714;307,775;0
822032814;330,11;0
822032914;357,1;0
822033014;399,29;0
822033714;182,15;0
822034414;408,53;0
822035414;180,53;0
822038314;95,2;0
822045614;332,27;0
822049714;57,4;1
822059214;758,58;0
822059314;272,97;0
822060614;98,45;0
822060714;51,3;0
822060914;106,2;0
822061014;48,2;0
822061114;102,7;0
822061214;106,2;0
822061314;106,2;0
822061414;102,7;0
822061514;102,7;0
822061714;106,2;0
822061814;106,2;0
822062014;102,2;0
822062313;108,58;0
822062413;116,76;0
822062613;137,89;0
822062813;58,38;0
822062913;103,08;0
822063213;129,73;0
822063313;102,4;0
822063713;138,28;0
822063813;116,76;0
822063913;48,2;0
822064013;116,76;1
822064113;99,58;0
822064913;206,58;0
822065013;169,42;0
822065113;206,58;0
822065213;206,58;0
822065313;206,57;0
822065413;206,58;0
822066411;294,275;0
822066511;298,5;0
822066911;310,6;0
822067411;308,4;1
822067511;329,3;0
822067611;281;0
822067711;312,27;0
822067811;291,41;1
822067911;298,75;0
822068011;310,79;0
822068111;299,205;0
822068211;315,27;1
822068311;297,16;0
822068413;187,63;0
822068513;205,82;0
822068613;134,71;0
822068713;192,02;0
822069012;287,15;1
822069112;268,35;0
822069212;292,6;1
822069312;323,36;0
822069512;308,99;0
822069612;314,35;0
822069712;293,22;0
822069912;268,35;1
822070012;300,9;1
822070212;307,8;0
822070312;267,2;0
822070412;299,85;0
822070512;292,35;0
822070712;283,39;0
822078214;104,13;0
822078314;140,75;0
822078414;143,33;0
822078614;143,33;0
822078714;140,75;0
822079014;104,13;0
822079114;139,33;0
822079314;86,13;0
822085413;65,09;0
822085513;92,63;0
822085613;65,09;0
822086611;352,45;1
822086711;349,67;0
822086811;346,19;0
822086911;334,44;0
822087011;374,71;0
822087111;356,05;0
822087211;354,09;0
822087311;365,99;0
822087411;358,045;0
822087511;328,29;0
822087611;363,49;0
822087711;367,46;1
822088011;374,76;0
822088111;365,89;1
822088211;358,63;0
822088311;356,89;0
822088411;381,95;0
822088511;359,64;1
822088811;384,39;0
822088911;366,71;2
822089011;378,505;1
822089111;380,35;0
822089211;363,84;0
822089311;350,54;0
822090114;267,86;0
822090214;273,605;0
822091014;260,655;0
822091114;274,96;0
822091214;264,385;1
822091314;249,16;0
822091413;412,34;0
822091513;330,5;0
822091614;327,2;2
822091714;330,01;0
822091814;317,445;0
822091914;317,68;2
822092014;323,325;0
822092114;327,095;0
822092214;327,625;1
822092314;315,54;1
822092414;318,59;0
822092512;336,75;0
822092612;351,615;0
822092712;347,22;0
822092812;339,385;0
822092912;347,3;0
822093012;353,725;1
822093112;353,02;0
822093212;345,49;0
822093312;356;0
822093412;340,61;0
822093512;352,725;1
822093612;351,475;0
822093712;347,72;1
822093812;350,3;0
822093912;327,36;1
822094012;347,44;0
822094112;336,695;0
822094212;360,385;0
822094312;364,13;0
822094412;351,8;0
822094512;343,73;0
822094612;320,835;0
822094712;314,73;0
822094812;324,3;0
822094912;330,28;0
822095913;363,55;1
822096013;346,64;1
822096113;418,24;0
822133214;261,96;0
822991815;3792,255;1
822991915;3800,905;1
822992015;3824,855;1
822992215;2255,74;0
822992315;1176,07;0
822992415;1165,17;0
822992515;805,48;1
823003816;329,46;0
823008416;394,52;0
823008516;391,41;1
823019316;224,63;0
823019916;232,97;0
823020716;315,2;0
823027016;254,68;0
823027911;217,92;0
823029616;239,99;1
823029814;284,55;0
823030716;568,77;6
823031114;349,19;4
823033316;160,08;1
823033616;148,38;0
823033916;181,65;0
823034016;154,74;0
823034116;157,53;0
823034216;172,3;0
823034316;156,29;0
823034416;177,64;0
823034516;134,66;0
823034716;165,01;0
823035016;141,49;0
823037716;125,02;0
823037816;159;0
823037916;189,69;0
823038016;149,45;0
823038116;155,52;1
823038216;181,55;0
823038316;163,55;0
823038416;145,11;1
823038516;136,6;0
823038616;164,57;0
823038716;139,74;0
823038816;154,05;0
823038916;172,08;0
823039016;154,3;0
823039116;158,15;0
823039216;173,84;0
823039316;154,09;0
823039416;112,91;0
823040416;374,39;1
823041614;215,67;1
823041714;358,47;0
823042811;92,12;0
823042911;92,12;1
823043514;183,6;0
823043616;230,98;0
823053216;137,75;3
823053714;198,16;0
823053814;180,98;0
823054014;180,18;0
823054114;220,18;0
823054816;259,7;1
823054916;251,3;0
823055116;364,85;3
823055216;245,6;0
823057316;141,3;1
823057511;190,21;0
823057611;219,15;0
823057711;225,97;0
823057811;166,93;0
823057911;194,45;0
823060311;211,32;0
823060411;186,61;0
823060511;243,45;0
823060611;233,81;0
823060711;166,05;0
823060811;200,87;0
823062911;215,16;0
823063011;200,7;0
823063111;221,26;0
823063211;237,56;0
823063311;237,93;0
823063411;227,79;0
823063814;60,14;0
823066716;159,65;0
823066816;152,5;0
823066916;139,6;0
823067111;228,54;0
823067211;186,12;0
823067311;192,66;1
823067411;218,93;0
823067511;227,04;0
823067916;515,6;8
823068016;335,78;5
823068216;241,58;4
823068316;443,2;7
823068416;238,08;4
823068516;245,68;4
823068616;235,96;4
823068716;346,48;5
823069116;329;5
823069316;351,97;6
823070116;435,11;0
823070516;137,89;0
823072016;499,11;2
823072116;260,4;0
823072216;290,2;1
823073214;274,5;0
823073416;397,8;7
823073911;405,2;4
823074314;274,22;0
823074611;249,84;0
823075216;186;0
823075314;405,05;0
823075711;351;0
823075916;424,3;2
823076116;410;6
823076216;422,2;6
823079411;353,31;2
823079611;270,8;0
823079816;405,97;7
823079916;349,2;5
823080016;407,52;8
823080116;436,65;6
823082811;257,4;3
823083116;392,1;7
823083316;425,49;6
823084816;527,275;0
823084916;471,2;2
823085016;502,525;3
823085116;510,945;0
823085216;353,57;2
823087516;516,08;1
823087616;59,33;0
823090816;605,985;2
823093414;575,55;3
823110216;344,2;0
823110316;339,96;0
823110416;345;0
823110516;344,6;0
823110616;351,1;0
823110716;344,1;0
823110816;357,3;1
823111114;270,96;0
823111214;273,77;0
823112616;108,8;0
823112716;108,8;0
823112816;108,8;0
823112916;108,8;0
823113016;108,8;0
823113116;108,8;0
823113216;108,8;0
823113316;114,8;0
823114614;110,8;0
823114814;110;0
823115114;110,8;0
823115214;103,8;0
823115314;110,8;0
823115414;55,4;0
823115514;110,8;0
823115814;110,8;0
823115914;110,8;0
823116014;110,8;0
823130516;110,4;0
823130616;117,4;0
823130716;117,4;0
823130816;58,7;0
823132014;105,9;0
823150216;61,14;0
823150316;61,14;0
823151816;125,8;0
823152016;116,25;0
823152116;94,8;0
823152716;417,45;0
823152816;416,93;1
823153216;410,5;2
823161614;905,12;0
823161714;931,38;0
823161814;925,71;0
823161914;938,06;0
823162014;923,98;0
823162114;905,68;1
823165716;622,57;0
823165816;618,78;0
823165916;622,92;0
830000123;390,67;0
830000223;459,215;1
830000323;888,015;1
830000423;444,11;1
830000523;450,795;0
830000623;434,565;0
830000723;444,21;0
830000823;447,495;0
830000923;558,51;0
830001023;498,86;1
830001123;609,24;1
830001223;767,63;1
830001323;597,6;0
830001423;518,19;0
830001523;556,565;0
830001623;418,77;0
830001723;635,635;1
830001821;578,845;1
830001921;399,275;0
830002021;555,715;0
830002121;519,645;0
830002221;486,425;1
830002421;581,695;0
830002521;517,625;0
830002621;662,72;0
830002721;543;1
830002821;666,38;1
830002921;425,455;1
830003021;436,175;0
830003121;659,04;0
830003221;433,86;1
830003321;449,705;0
830003421;437,785;1
830003521;439,015;1
830003623;601,25;0
830003723;825,175;0
830003823;786,575;0
830003923;573,825;1
830004023;437,97;2
830004123;442,265;0
830004223;439,71;0
830004323;455,98;0
830004423;670,41;1
830004523;428,685;0
830004623;326,835;0
830004723;481,085;0
830004823;524,265;0
830004923;535,17;2
830005023;530,255;0
830005123;511,05;0
830005223;507,945;3
830005323;451,795;0
830005423;542,725;3
830005523;542,615;2
830005623;480,255;0
830005723;506,025;0
830005823;442,76;0
830005923;444,56;0
830006023;498,215;0
830006123;611,41;0
830006223;443,41;0
830006323;518,95;0
830006423;523,25;0
830006523;497,965;0
830006623;533,615;1
830006723;501,95;1
830006823;504,2;0
830006923;619,04;0
830007023;451,295;0
830007123;524,95;0
830007223;521,03;1
830007323;491,27;0
830007423;566,7;1
830007523;489,755;0
830007621;444,835;1
830007721;438,405;0
830007821;763,585;0
830007921;453,16;1
830008021;538,14;0
830008121;1354,795;1
830008221;594,99;1
830008421;1244,51;3
830008521;442,775;0
830008920;490,655;0
830009020;517,17;0
830009120;543,365;0
830009220;435,075;0
830009320;558,13;1
830009420;662,425;0
830009520;544,075;0
830009620;482,01;0
830009720;482,64;0
830009820;517,78;0
830014220;495,14;0
830014320;490,915;2
830014420;414,635;0
830014520;671,01;1
830025823;418,335;0
830025923;428,16;0
830026023;833,615;2
830026123;546,545;2
830026223;431,425;2
830026323;447,315;0
830026423;503,09;1
830026523;379,975;0
830026623;583,585;1
830026723;529,315;0
830026823;377,335;1
830026923;414,51;0
830027023;416,08;0
830027123;378,805;0
830027224;431,69;1
830027324;523,56;0
830027424;436,66;0
830027524;680,925;1
830027624;1040,96;2
830027724;1059,14;0
830027824;1031,635;0
830030123;470,585;1
830030223;428,095;0
830030323;428,865;1
830030423;496,79;2
830030523;477,22;1
830030623;484,82;2
830030723;475,495;1
830030823;425,41;0
830030923;492,925;0
830031023;491,825;2
830031123;468,455;0
830031223;499,175;0
830031323;417,225;0
830031823;428,595;0
830032623;419,3;0
830042422;985,495;0
830042522;1547,87;3
830042622;1009,68;2
830042722;981,095;0
830042822;987,735;0
830042922;1767,7;2
830043022;987,545;0
830043122;997,855;1
830043221;1442,185;1
830043321;990,945;1
830077529;635,46;0
831029222;351,035;0
831033024;868,495;1
831033124;1313,045;0
831033224;1132,96;1
831033324;1208,705;0
831033424;1330,435;1
831033524;953,845;1
831033624;855,47;3
831033724;1076,95;0
831033824;980,725;0
831033924;809,815;0
831034024;851,525;1
831034124;965,36;1
831034224;1197,32;2
831034324;961,82;0
831034424;848,105;0
831034524;1547,375;3
831034624;1109,41;0
831034724;1216,935;1
831034824;1332,895;1
831034924;879,855;3
831035024;754,29;1
831035124;387,405;0
831035224;609,19;3
831035324;763,53;0
831035424;612,445;2
831035524;503,055;1
831035624;720,585;1
831035724;506,595;1
831035824;619,27;0
831035924;845,46;1
831036024;948,43;0
831036124;740,67;2
831036224;865,69;0
831036324;832,91;1
831036424;1352,43;0
831036524;1249,215;4
831036624;1070,07;1
831036724;976,93;0
831036824;930,835;0
831036924;827,195;0
831037024;1187,855;2
831037124;907,53;2
831037223;678,86;1
831037323;932,39;0
831037423;951,08;0
831037523;950,31;2
831037623;905,515;2
831037723;671,835;0
831037823;678,39;0
831037923;671,55;1
831038023;861,955;2
831038123;416,125;0
831038223;622,71;0
831038323;607,755;0
831038423;697,595;2
831038523;672,66;1
831038622;758,25;1
831038722;638,18;0
831038822;645,21;0
831038922;742,31;0
831039022;662,62;0
831039122;910,965;0
831039222;944,19;2
831039322;923,145;1
831039422;937,995;2
831039522;859,895;1
831039622;1024,635;2
831039722;684,515;0
831039822;943,35;0
831039922;949,005;0
831040022;877,31;3
831040122;691,45;0
831040222;660,75;2
831040324;915,285;0
831040424;1206,225;1
831040524;934,88;0
831040624;817,53;0
831040724;1069,91;1
831040824;1024,91;0
831040924;1223,035;0
831041024;1296,195;2
831041124;843,155;0
831044322;807,055;1
831044422;1567,245;2
831044522;845,575;0
831044622;832,975;2
831044722;841,14;0
831044822;1276,75;0
831044922;1177,565;1
831045522;1320,575;2
831045622;1306,645;0
831045722;815,005;0
831045822;785,195;0
831114122;497,99;0
831114222;548,76;1
832009920;390,57;0
832010020;408,87;0
832010120;401,32;1
832010220;406,495;0
832010320;566,04;0
832010420;501,93;1
832010520;544,555;1
832010620;491,18;0
832010720;668,2;0
832010820;550,905;0
832010920;438,335;0
832011020;552,51;2
832011120;504,46;0
832011220;486,615;0
832011321;446,765;0
832011421;523,48;1
832011521;494,74;0
832011621;485,075;1
832011721;819,965;0
832011821;553,92;1
832011921;436,775;0
832012021;438,99;2
832012121;438,54;0
832012220;429,55;0
832012320;493,235;1
832012420;697,125;0
832012520;418,285;0
832012620;491,965;0
832012720;493,775;0
832012820;479,455;0
832012920;488,165;0
832013020;434,675;1
832013120;675,55;0
832013220;433,685;0
832013320;437,405;0
832013420;398,22;0
832013520;401,38;1
832013620;438,435;0
832013720;423,555;0
832013820;655,81;0
832013920;444,095;0
832014020;489,56;0
832014120;492,285;0
832014620;487,155;0
832014720;420,815;0
832014820;428,53;0
832014920;441,005;0
832015020;434,04;1
832015120;485,69;0
832015220;722,705;0
832015320;550,68;0
832015420;544,97;0
832015520;491,36;0
832015620;501,77;0
832015920;554,66;0
832016020;504,685;2
832016120;548,715;0
832016220;842,56;1
832016320;672,375;2
832016420;683,475;1
832016520;683,425;0
832016620;682,42;1
832016720;841,775;1
832016820;944,87;0
832016920;937,085;2
832017020;845,375;0
832017120;846,12;1
832017220;673,065;3
832017320;877,295;2
832017420;680,66;0
832017520;1047,39;4
832017620;1085,185;2
832017720;542,91;0
832017820;442,945;0
832017920;472,04;0
832018020;445,245;0
832018120;434,11;0
832018220;440,97;0
832018320;314,145;0
832018420;368,84;0
832018520;362,07;0
832018620;432,26;0
832018720;393,75;0
832018820;382,72;0
832018920;368,905;1
832019020;322,53;1
832019120;448,68;0
832019421;1226,36;0
832019521;1531,625;0
832019621;836,37;0
832019721;827,99;1
832019821;819,505;0
832019921;825,95;0
832020021;966,92;0
832020121;588,115;0
832020221;582,55;0
832020321;967,645;0
832020421;1463,155;0
832020521;671,215;0
832020621;668,495;0
832020721;667,845;0
832020821;661,665;1
832020921;1100,755;0
832021021;1000,915;1
832021121;671,79;0
832021221;1102,365;0
832021321;990,965;0
832021421;825,235;1
832021521;689,335;0
832021621;783,96;0
832021721;817,06;0
832021821;817,04;0
832021921;821,1;0
832022021;827,985;0
832022121;649,32;0
832022221;646;0
832022321;652,37;0
832022421;646,34;0
832041222;825,12;0
832041322;1494,245;2
832041422;642,046;2
832041522;512,855;1
832041622;463,275;0
832041722;610,97;0
832041822;949,815;0
832041922;951,465;0
832042022;812,175;0
832042122;1059,66;1
832042222;991,24;2
833047922;634,61;0
833048022;657;0
833048122;689,625;0
833052122;600,91;0
833052222;777,63;0
833052322;607,415;1
833052422;605,115;0
833052522;774,17;1
833052622;606,88;0
833053026;895,87;0
833053126;809,39;0
833053226;706,48;0
833053326;710,355;0
833053426;715,205;0
833053526;716,375;0
833053626;809,53;0
833053726;896,665;0
833053826;867,065;0
833054026;845,975;0
833054126;836,61;0
833054226;861,265;0
833054326;849,735;2
833054426;835,79;0
833054726;892,76;1
833054926;951,9;0
833055026;841,505;0
833055126;846,28;0
833055226;840,57;1
833055326;848,595;0
833055426;858,29;1
833055526;839,01;1
833055626;896,165;1
833055726;891,6;2
833055826;993,97;0
833055926;1014,945;1
833056026;959,13;2
833056126;1041,72;2
833056226;1042,685;1
833056426;928,31;0
833056526;973,575;0
833073127;604,89;1
833073227;651,18;0
833073327;698,15;0
833073427;641,14;0
833073527;661,49;0
833073627;697,195;1
833073727;663,14;0
833073827;648,58;0
833073927;643,785;1
833074027;643,145;1
833074127;977,73;0
833074227;651,81;0
833074527;681,715;2
833074627;722,54;1
833074727;676,38;0
833074827;673,155;1
833074927;666,9;0
833075427;643,02;0
833075527;620,17;0
833075627;639,53;1
833077128;656,365;0
833077228;749,07;1
833077628;754,415;1
833077728;634,945;0
833079628;699,835;1
833079728;851,18;0
833079828;854,88;0
833079928;891,36;0
833080227;884,66;2
833081028;671,885;0
833081128;819,23;1
833081228;823,165;0
833081328;821,76;2
833081528;636,595;0
833081628;800,755;0
833081728;802,05;0
833083828;642,755;0
833083928;804,05;0
833084028;805,68;0
833084128;651,685;0
833084228;645,29;0
833084328;699,74;0
833084428;655,3;0
833084528;666,09;2
833084628;698,54;0
833084728;656,96;1
833084828;794,7;0
833084928;776,6;0
833085028;775,82;0
833085128;780,68;0
833085228;780,82;0
833087728;1757,305;1
833092728;639,91;0
833092828;813,505;0
833092928;818,125;0
833093028;653,01;1
833093228;675,775;0
833093328;684,385;1
833093428;664,458;0
833093528;686,08;0
833094228;660,56;2
833094328;683,385;0
833094428;667,06;0
833094528;690,415;2
833094628;665,96;0
833095728;678,08;0
833095828;667,28;0
833096128;607,84;0
833096228;778,12;3
833096328;605,37;0
834048226;718,26;0
834048326;687,82;0
834048426;648,475;1
834048526;649,32;1
834048626;716,8;0
834048726;637,56;0
834048826;642,305;2
834048926;664,09;1
834049226;711,145;1
834049326;939,79;3
834049426;809;0
834049526;826,665;0
834049626;816,84;0
834049826;614,275;2
834049926;786,855;3
834050026;609,845;0
834050126;606,46;1
834050226;781,38;0
834050326;613,74;2
834050426;648,7;1
834050526;780,645;1
834050626;609,445;0
834050726;604,025;2
834050826;781,94;1
834050926;608,71;1
834051026;614,135;0
834051126;785,965;1
834051226;609,185;0
834051426;1122,38;1
834051626;1118,085;2
834056921;718,855;0
834057121;778,38;1
834057221;628,435;0
834057321;767,4;0
834057421;713,63;0
834058825;872,89;0
834058925;839,24;0
834059925;684,97;1
834060025;751,09;0
834060125;826,57;2
834060525;655,53;1
834060625;783,06;0
834060725;725,155;0
834060825;762,29;0
834060925;770,075;0
834061325;678,295;0
834061425;681,29;1
834061525;870,72;2
834061625;845,4;0
834061725;855,8;0
834062027;854;0
834062127;872,65;0
834062227;876,31;0
834062327;662,365;0
834062427;662,24;0
834062527;652,385;0
834062627;913,575;0
834062727;733,62;1
834062827;742,09;1
834062927;718,965;1
834063027;697,43;0
834063127;854,22;0
834063227;741,69;0
834063627;746,79;0
834063727;722,225;0
834063827;731,835;1
834063925;637,39;1
834064025;646,3;1
834064125;636,7;0
834064225;683,13;0
834064325;671,09;0
834064425;666,985;0
834064525;654,046;0
834064625;646,665;0
834064725;649,09;0
834064825;651,755;0
834064925;639,51;0
834065025;795,125;0
834065125;660,2;0
834065225;647,24;0
834065325;634,35;0
834065425;1518,45;0
834065525;819,31;0
834065625;838,885;1
834065725;853,95;2
834065825;805,99;0
834065925;665,985;0
834066025;665,23;0
834066125;672,3;0
834066225;666,04;0
834082528;847,485;2
834082628;841,115;1
834082728;843,18;1
834082828;836,895;1
834082928;1032,71;2
834083028;651,78;0
834083128;690,035;0
834083228;657,65;0
834091328;674,55;0
834091428;706,06;1
834091528;663,675;1
834091628;628,57;0
834091728;794,71;1
834091828;618,14;1
834097329;666,93;0
834097429;725,12;0
834097529;668,44;0
834098627;545,875;0
834098727;748,555;0
834098827;554,895;1
834101129;691,655;1
834101229;707,41;0
834101329;671,68;0
834105429;1036,735;0
834105529;1099,76;1
834105629;1027,315;0
835059125;700,49;0
835059225;704,35;0
835059325;708,94;0
835059425;695,42;0
835059525;693,51;0
835059625;1150,735;0
835059725;242,335;0
835059825;364,115;0
835066327;488,2;1
835066427;693,64;2
835066527;641,23;0
835066627;734,17;0
835066727;656,47;0
835066827;649,415;1
835066927;651,21;0
835067027;660,34;0
835067127;653,91;0
835067227;1094,05;0
835067327;1003,46;1
835067427;1010,01;0
835067527;641,01;0
835067627;652,24;1
835067727;668;0
835067827;647,81;0
835067927;677,435;0
835068027;721,43;1
835068127;714,165;0
835068227;727,395;1
835068327;649,49;3
835068427;607,92;0
835069025;856,065;0
835069125;837,79;0
835069225;890,525;0
835069325;677,455;1
835069425;642,35;0
835069525;642,34;0
835069625;645,055;0
835070025;654,025;0
835070125;692,295;0
835070225;652,015;0
835070325;749,235;0
835070625;928,12;0
835070725;793,395;2
835070825;920,958;0
835070925;670,305;0
835071025;694,42;0
835071125;737,54;1
835071927;653,16;2
835072027;691,89;2
835072127;651,04;0
835072227;523,05;0
835072327;646,04;0
835072427;495,71;0
835074329;84,99;0
835074429;82,495;0
835075029;79,925;0
835075329;80,23;0
835078028;642,99;0
835078128;657,645;0
835078228;605,065;0
835078525;747,445;1
835078625;651,3;1
835078825;640,24;0
835078925;643,56;0
835079025;639,455;0
835103529;556,13;0
835103629;693,745;0
835103729;683,28;0
835103829;558,46;0
835103929;580,02;1
835104029;696,275;0
835104129;710,55;1
835104229;556,705;2
835111629;695,825;0
835111729;739,98;1
835111829;697,545;0
835111929;737,175;0
835112029;687,795;0
835112129;740,755;1
835112529;1109,13;2
835114129;1402,97;1
835114229;1277,82;0
835114329;1401,91;0
835131829;6133,42;5
835132029;2271,89;1
835132129;2349,91;1
835153529;1718,315;0
835153629;2279,33;0
835154029;1745,435;1
835154129;2311,39;0
835154629;2318,24;1
835157429;2362,445;0
835158729;1930,99;0
835158829;1928,525;1
835973129;79,39;0
835973229;70,8;0
835973629;80,28;0
835973929;79,275;0
835974129;85,565;0
835974529;80,175;0
835974629;80,7;0
835974929;79,79;0
836070533;394,04;1
836070633;387,2;4
836070733;389,17;2
836070833;394,12;2
836070933;559,17;4
836071033;499,05;1
836071133;488,07;2
836071233;559,995;3
836071333;492,96;3
836071433;486,9;2
836071533;553,715;3
836071633;582,995;3
836071733;580,535;4
836071833;512,85;3
836071933;505,64;1
836072033;565,43;6
836072133;496,935;2
836072233;505,19;0
836072333;432,985;3
836072433;786,53;6
836072533;526,055;6
836072633;520,835;6
836072733;532,875;5
836072833;535,505;6
836072933;703,51;4
836073034;294,28;3
836073134;298,8;3
836073234;300,67;1
836073334;402,485;1
836073434;409,715;1
836073534;408,16;7
836073634;410,14;6
836073734;309,12;6
836073834;306,12;6
836073934;303,12;6
836074034;394,22;6
836074134;391,22;6
836074234;401,95;8
836074334;410,16;6
836074434;400,04;0
836074534;412,16;6
836074634;410,63;5
836074734;406,895;2
836075134;413,77;6
836075234;398,16;6
836075334;399,16;3
836075434;413,16;6
836075534;413,67;8
836075634;412,16;7
836075734;398,16;6
836075834;403,17;5
836075934;401,71;4
836076034;411,25;5
836076134;398,67;6
836076234;409,66;6
836076334;397,89;8
836076434;406,82;4
836076534;409,16;2
836076634;410,16;4
836076734;395,16;2
836076834;420,16;4
836076934;415,05;7
836077034;413,16;3
836077134;399,51;3
836077234;390,54;0
836077334;384,97;2
836077434;391,93;4
836077534;394,33;1
836077634;384,68;2
836077734;390,77;4
836077834;388,91;4
836077934;391,05;5
836078034;393,06;3
836078134;401,16;5
836078234;404,06;3
836078334;398,665;0
836078434;402,42;3
836078534;409,37;4
836078634;409,92;4
836078734;399,35;2
836078834;401,085;4
836078934;401,125;2
836079034;394,3;2
836079134;413,95;2
836079234;410,24;4
836079334;401,68;4
836079434;411,79;5
836079534;401,16;1
836079633;1346,01;6
836079733;1228,43;2
836079833;1320,455;7
836081133;1344,195;7
836081233;1246,355;6
836081333;1321,265;4
836081835;1408,2;0
836081935;1504,8;3
836082035;1424,385;3
836082135;462,15;6
836082235;446,23;4
836082335;465,58;3
836082435;453,36;3
836082535;446,72;5
836082635;454,975;2
836082735;461,43;4
836082835;444,725;3
836082935;445,995;2
836083035;461,85;7
836083135;448,25;5
836083235;452,77;6
836083335;446;0
836083435;431,24;2
836083535;454,2;1
836083635;455,135;4
836083735;439,935;2
836083835;453,435;3
836083935;447,82;8
836084035;431,9;3
836084135;449,465;2
836084235;464,42;3
836084335;442,75;6
836084435;464,61;2
836084535;448,63;3
836084635;452,3;5
836084735;469,535;3
836084835;458,22;2
836084935;436,49;2
836085035;461,52;1
836085535;339,84;3
836085635;390,445;2
836085735;373,395;1
836085835;349,78;1
836085935;363,6;1
836086035;382,975;0
836086235;395,615;3
836086335;398,42;3
836086435;344,12;1
836086535;386,41;3
836086635;392,07;1
836086735;521,34;4
836088735;505,07;3
836088835;574,26;2
836088935;518,12;5
836089035;445,32;3
836089135;643,75;7
836089235;645,255;5
836107033;522,925;1
836107133;533,155;0
836107533;612,75;1
836107635;456,34;0
836107735;433,6;0
836107835;454,99;0
836107935;434,59;0
836108035;439,16;0
836108135;444,24;0
836108235;336,8365;0
836108335;349,57;1
836108435;340,3;1
836907633;592,28;0
836907733;585,98;1
837010330;61,2;0
837010430;66,2;0
837026030;953,71;1
837026130;960,93;0
837026430;2262,63;2
837026930;1977,54;2
837027030;1119,745;0
837027430;1127,15;1
837027530;1977,895;0
837028130;1465,52;0
837028230;1451,86;0
837028330;2249,34;1
837029030;2275,95;1
837029930;2253,635;1
837060335;1053,13;1
837060435;1071,1;2
837060535;1021,1;1
837060635;1022,935;0
837060935;1028,395;4
837061035;1020,23;1
837061134;1041,94;3
837061234;1084,195;1
837061434;679,51;2
837061534;1021,45;3
837061634;680,05;2
837062033;241,265;0
837062133;429,21;3
837062233;439,01;2
837062333;443,36;4
837062433;436,215;5
837062533;436,48;1
837062633;456,07;3
837062733;439,41;0
837062833;436,365;1
837062933;455,89;2
837063033;441,96;4
837063133;447,89;4
837063233;457,145;3
837063333;428,225;4
837063433;438,195;3
837063533;441,3;4
837063633;431,825;6
837063733;470,98;4
837063833;444,91;5
837063933;429,59;6
837064033;446,33;5
837064133;449,56;1
837064234;449,925;3
837064334;423,22;4
837064434;430,91;2
837064534;447,71;1
837064634;439,115;0
837064734;420,805;3
837064834;433,01;5
837064934;418,755;3
837065034;442,685;4
837065134;442,435;3
837065234;447,845;4
837065334;445,3;4
837065434;428,175;5
837065534;434,295;4
837065634;427,75;3
837065734;427,67;4
837065834;445,24;4
837065934;428,63;6
837066034;415,6;2
837066134;428,005;2
837066234;451,38;2
837066334;334,55;2
837066434;441,945;4
837066534;436,19;3
837066634;339,05;1
837066734;427,825;3
837066834;327,2;3
837066933;241,84;1
837067033;417,515;5
837067133;332,1;1
837067233;426,585;4
837067333;310,33;1
837067433;302,01;2
837067533;303,785;0
837067633;293,405;0
837067733;293,42;1
837067833;286,15;4
837067933;294,27;2
837068033;304,085;0
837068233;286,8;1
837068333;294,12;1
837068433;297,88;0
837068533;297,54;0
837068633;309,825;3
837068733;289,71;0
837068833;307,82;3
837068933;239,93;4
837069033;291,6;5
837069133;296,645;1
837069233;293,32;1
837069733;292,885;0
837069833;286,72;2
837069933;289,78;0
837070033;292,415;0
837079933;1084,07;6
837080033;775,965;2
837080133;699,82;4
837080233;386,625;3
837080333;390,21;1
837080433;635,295;3
837080533;478,31;3
837080633;385,195;1
837080733;396,665;3
837080833;655,34;3
837080933;923,85;3
837081033;1110,96;0
837091835;222,38;1
837092435;220,9;1
837093735;69,51;0
837093935;222,92;0
837097035;86,49;0
837097335;86,49;0
837097435;86,49;0
837098835;222,92;0
837099635;221,33;0
837101535;222,92;0
837101635;221,41;0
837101735;222,64;2
837102535;79,74;0
837102635;85,74;0
837102735;85,74;0
837102835;85,74;0
837103735;61,83;0
837103935;61,83;0
837104035;69,51;0
837104135;69,51;0
837104235;61,83;0
837104335;69,51;0
837104435;69,51;0
837104635;61,83;0
837104735;61,83;0
837104835;61,83;0
837104935;61,83;0
837105035;56,56;0
837105135;69,51;0
837105235;69,51;0
837105635;61,83;0
837105735;61,83;0
837105835;61,83;0
837105935;61,83;0
837106135;69,51;0
837108535;223,36;1
837108635;61,83;0
837108735;69,51;0
837108835;61,83;0
837108935;61,83;0
838008536;91;0
838010336;210,94;0
838010436;216,45;0
838042932;75,06;0
838043032;57,84;0
838043332;53,96;0
838043632;87,31;0
838043832;53,96;0
838043932;53,96;0
838044032;103,22;0
838044332;77,41;0
838044932;81,79;0
838045132;64,7;0
838045532;76,81;0
838046132;89,86;0
838046632;113,835;0
838047132;98,9;0
838047232;67,96;0
838047332;112,61;0
838047532;102,36;0
838047732;95,525;0
838047832;53,96;0
838048032;88,21;0
838048132;92,305;0
838048232;53,96;0
838048532;86,84;0
838048832;72,15;0
838049032;41,37;1
838049332;76,81;0
838049432;76,81;0
838049632;58,56;0
838049732;60,17;0
838050032;82,69;0
838050432;53,96;0
838050732;63,82;0
838050832;53,96;0
838051236;421,592;8
838051436;419,54;4
838051636;408,98;5
838051736;364,14;1
838051836;337,76;1
838051936;409,812;1
838052036;473,09;1
838052136;443,42;3
838052636;294;1
838052736;298,61;0
838052836;272,915;0
838052936;274,92;0
838053936;386,57;0
838054236;406,98;4
838063630;319,23;1
838063730;305,16;2
838063830;256,22;2
838063930;295,34;1
838064030;245,71;0
838064130;244,88;0
838064230;244,08;1
838064330;243,2;1
838064430;244,08;0
838064530;256,135;0
838064630;246,53;1
838065436;344,6;1
838065536;339,38;0
838066936;371,52;0
838067036;378,7;0
838067136;407,43;1
838067236;410,6;3
838067336;404,645;2
838067436;346,59;0
838067536;327,37;1
838067636;377,15;0
838068936;390,38;0
838069036;348,93;0
838069132;289,8;1
838069232;289,17;0
838069332;289,8;0
838069432;288,17;1
838069532;300,645;1
838069632;293,95;1
838069732;296,91;0
838069832;297,98;1
838069932;298,86;0
838070032;306,325;0
838070132;303,115;0
838070232;295,57;0
838070332;308,04;0
838070432;302,645;0
838070532;296,835;1
838070632;300,41;0
838070732;308,54;0
838070832;301,61;1
838070932;292,405;0
838071032;301,39;0
838071132;287,79;0
838071232;285,61;1
838071332;286,255;2
838071432;290,15;1
838071836;427,91;4
838071936;438,185;5
838072036;449,865;2
838072136;425,075;4
838072236;429,59;3
838072336;452,185;5
838072436;440,94;3
838072536;454,635;6
838072636;458,2;5
838072736;434,95;2
838072836;454,03;1
838072936;445,855;5
838073036;421,19;3
838073136;431,26;3
838073236;434,34;2
838073336;420,63;0
838073436;428,53;4
838073536;453,165;3
838073636;427,68;3
838073736;437,85;3
838073836;426,78;4
838073936;426,41;6
838074036;438,29;2
838074136;445,905;3
838074236;427,48;4
838074336;436,39;2
838074436;442,6;2
838074536;423,37;2
838074636;433,64;4
838074736;450,14;4
838080936;322,485;1
838084036;513,875;2
838084136;513,57;2
838084236;491,84;2
838084336;518,21;2
838084436;544,4;1
838084536;492,03;0
838084636;487,645;1
838084736;478,245;1
838085036;287,34;1
838085436;427,24;5
838085536;367,49;2
838085636;450,68;6
838085736;457,17;4
838085836;443,22;2
838085936;426,79;4
838086036;342,75;4
838086236;451,62;4
838086336;427,48;4
838086436;445,3;6
838086536;433,58;4
838086636;439,84;6
838086736;378,22;2
838086836;448,48;6
838086936;447,565;6
838087036;457,18;6
838087136;433,28;4
838087236;447,66;3
838089836;352,08;5
838089936;452,48;5
838091136;823,075;0
838091236;796,34;0
838091336;911,23;1
838091436;746,92;1
838121236;2232,78;2
838121336;2185,415;4
838121436;2208,625;16
860015444;887,53;1
860041144;1301,14;1
860042244;1203,045;1
860048244;1247,96;1
860048744;1280,39;0
860051840;290,62;0
860101544;627,355;6
860106040;594,085;0
860106140;583,42;1
860106940;512,65;1
860107840;333,02;0
860107940;506,615;0
860108140;316,935;0
860108540;520,835;0
860108840;467,08;0
860108940;747,995;0
860109140;522,055;0
860111440;618,41;0
860111540;1006,265;1
860111745;481,52;0
860112240;734,045;0
860112840;374,675;0
860112940;387,76;0
860113240;482,145;0
860113340;473,135;0
860113440;479,885;0
860113640;550,145;0
860113740;488,585;0
860113840;475,15;0
860116540;727,895;1
860116640;710,36;0
860116740;727,685;0
860117744;1037;1
860141644;1259,985;0
860150844;583,1;0
860157244;1265,9;1
860161344;505,74;0
860162844;1029,41;0
860164344;405,625;0
860166544;591,69;0
860168644;1022,985;0
860173244;675,615;0
860176244;1113,36;0
860182545;669,95;0
860225745;1116,76;0
860225845;1216,88;1
860225945;1506,36;1
860226045;1343,44;0
860226145;1370,01;0
860226245;1237,845;0
860227544;747,32;0
860227644;743,24;0
860231245;1164,075;0
860231345;1050,765;0
860234444;896,83;1
860234544;792,07;0
860234644;782,465;0
860235444;650,73;1
860235544;645,715;0
860235644;604,66;0
860235944;708,35;0
860236445;583,17;0
860236745;811,505;1
860238044;663,725;0
860238144;748,525;0
860239944;703,71;0
860240044;705,495;0
860240144;702,705;0
860242544;399,155;0
860242644;613,635;0
860242744;526,59;1
860243244;710,4;0
860243344;709,88;0
860243444;695,21;0
860244445;2345,88;0
860246044;695,775;0
860246144;692,62;0
860246244;699,1;0
860248744;390,725;0
860248844;622,025;0
860250144;520,7;0
860253445;1105,51;0
860253644;787,465;0
860253744;780,685;0
860253844;788,6;0
860253944;780,7;0
860254044;968,795;1
860254445;1127,155;0
860282045;689,82;0
860282145;730,47;0
860911740;511,95;0
861026046;1772,23;0
861026146;1776,345;0
861027846;1969,245;0
861027946;2005,995;0
861044346;4222,615;0
861044446;4225,275;1
861050146;705,48;0
861050246;703,875;0
861050346;709,39;0
861050946;3928,38;0
861062146;740,925;0
861062246;742,19;0
861062346;791,64;0
861144641;1362,425;0
861144741;1370,315;0
861144841;1586,415;0
861144941;1383,955;0
861145041;1330,185;0
861145141;1343,375;0
861145241;1393,99;1
861147441;2151,335;0
861147541;2150,99;0
861147641;2571,045;1
861151147;1196,7;1
861151247;1119,495;0
861151347;1147,8;0
861151447;1112,405;0
861151547;1116,245;0
861151647;1196,76;0
861151747;1138,71;0
861151847;1138,655;0
861151947;1135,775;0
861152047;1134,79;0
861152947;3786,295;1
861153147;3793,43;0
861276645;3959,222;1
861276745;3890,76;0
862014643;613,79;1
862040843;659,1;1
862056247;278,88;0
862056447;278,88;0
862056747;278,88;2
862056847;278,88;0
862057147;271,42;0
862057447;265,36;0
862057547;265,36;0
862061847;502,675;0
862062047;280,12;0
862067247;278,88;0
862082543;422,705;0
862089147;95,55;0
862089447;94,95;0
862089547;65,47;0
862089647;95,29;0
862089747;65,47;0
862090147;95,29;0
862090247;65,47;0
862090447;95,29;0
862092047;292,065;0
862092147;276,74;0
862092247;266,465;1
862092347;274,95;0
862092547;273,225;0
862092647;290,85;0
862092747;295,9;0
862092847;310,6;0
862097447;56,59;0
862099543;246,3;1
862103147;56,59;0
862103247;56,61;0
862105647;144,86;0
862105747;165,1;0
862105847;165,1;0
862105947;126,8;0
862106047;165,1;0
862106147;165,1;0
862106447;165,1;0
862106547;156,86;0
862106647;165,1;0
862106747;154,98;0
862106847;165,1;0
862107047;160,82;0
862107147;165,1;0
862107247;160,82;0
862107347;160,82;0
862107747;163,22;0
862107847;160,94;0
862107947;152,94;0
862108047;160,94;0
862108147;160,94;0
862108247;160,94;0
862108347;160,94;0
862108447;144,14;0
862108647;160,94;1
862108747;143,93;0
862108847;160,82;0
862109147;144,02;0
862109247;160,82;0
862109447;144,02;0
862109547;160,82;0
862109647;160,82;0
862121343;396,4;0
862159243;752,865;0
862169545;959,36;0
862186243;1290,565;0
862186343;1216,26;0
862230744;820,83;1
862231144;813,15;0
862237643;764,67;0
862237743;524,725;0
862237843;664,53;0
862237943;768,6;0
862238443;495,73;0
862239343;501,46;0
862239443;501,43;0
862239544;1096;0
862239644;1230,715;0
862239744;1250,06;0
862239843;342,745;0
862240243;821,72;0
862240343;691,485;0
862240443;692,865;0
862240543;345,6;0
862240643;585,37;1
862256143;770,73;1
862256743;426,17;0
862256843;367,84;2
862257343;2421,54;0
862257443;2438,615;0
862257543;357,95;1
862259543;383,425;0
862259643;343,07;0
862267743;348,7;0
862269243;2151,02;1
862274543;672,25;1
862277643;1039,895;0
862277743;954,615;0
862277843;959,545;0
862277943;682,975;0
862278145;762,615;0
862278245;704,485;0
862278343;2022,63;0
862278445;808,07;0
862278545;740,255;0
862278645;686,66;0
862278745;761,485;0
862278845;759,16;0
862278945;740,825;0
862279045;690,53;0
862279745;709,205;0
862279845;762,635;1
862279945;754,795;0
862280045;705,265;0
862282645;3853,515;2
862282945;762,91;0
862283045;685,925;0
862283145;709,165;0
862283245;713,735;0
862283345;761,37;0
862292345;1567,285;0
862297243;477,85;0
862874543;664,86;0
862959243;1100,585;0
862961847;500,84;0
862974543;670,065;1
862978345;817,055;0
863016741;558,375;0
863017141;487,5;0
863036541;547,18;0
863036641;442,79;1
863078940;431,72;0
863079340;440,015;0
863119841;380,255;0
863130241;431,535;0
863139541;277,79;0
863142041;1295,775;0
863142141;1303,905;0
863143441;1723,075;0
863143541;1833,55;0
863162547;961,86;1
863162747;1298,39;1
863202141;544,76;0
863203541;517,48;0
863203941;557,43;0
863207146;595,975;0
863207246;593,38;0
863207346;588,29;0
863207446;603,91;0
863207746;600,93;0
863207846;594,61;0
863207946;595,49;0
863208046;606,425;0
863209740;448,975;0
863209840;434,69;1
863209940;449,32;0
863210146;614,595;0
863210246;598,055;0
863210346;598,2;0
863210446;626,205;0
863210546;603,365;0
863210646;592,16;0
863210746;592,86;0
863210846;598,46;0
863215242;287,6;0
863215342;292,46;0
863215442;290,63;0
863217640;292,5;0
863217740;293,24;0
863217840;289,1;0
863217940;293,75;0
863218040;292,1;0
863218140;292;0
863218240;294,995;0
863218340;292,4;1
863218440;290,44;0
863218540;288,56;0
863218640;289,24;0
863218740;288,84;0
863218840;291,18;0
863218940;292;0
863219040;293,43;0
863219140;297,465;0
863219240;290,56;0
863219340;291,94;0
863232043;525,7;0
863232143;344,1;0
863232243;346,235;0
863232343;502,925;0
863232443;343,61;1
863236143;707,65;0
863236243;696,15;0
863236343;698,84;1
863236543;683,56;0
863236643;695,87;0
863238243;691,835;0
863238343;695,385;0
863238743;706,41;0
863238843;699,115;0
863238943;709,69;0
863239043;703,29;0
863239143;704,05;0
863239243;705,105;0
863241741;701,88;0
863241841;793,16;0
863241941;676,35;0
863242041;691,165;0
863246541;672,99;1
863246642;672,71;0
863246742;665,665;0
863246842;663,915;0
863246942;661,11;0
863247042;671,815;0
863247142;677,08;0
863247242;675,825;1
863248440;906,07;0
863248540;893,47;0
863248640;891,05;0
863249040;577,17;0
863249440;595,105;0
863250240;445,135;0
863250340;577,015;2
863251141;671,345;0
863251241;696,335;0
863251341;780,025;0
863251541;800,365;0
863251641;689,915;1
863251741;691,49;0
863251841;667,935;1
863251941;677,17;0
863252041;701,215;0
863252141;683,375;0
863252241;800,95;0
863252341;692,865;0
863252541;674,68;1
863252641;689,635;0
863998241;546,78;0
863998341;548,495;0
863998441;543,41;0
863998541;513,95;0
865007247;485,345;0
865017841;283,97;0
865056640;443,9;0
865072345;333,615;0
865076647;374,025;0
865076747;353,62;0
865078547;369,695;1
865078647;350,7;0
865080047;341,18;1
865080147;351,66;0
865081247;347,095;0
865082147;360,29;0
865086647;256,23;0
865086747;279,59;0
865086847;252,125;0
865091147;303,62;0
865141240;437,56;0
865141540;429,9;0
865161546;397,395;0
865161646;398,05;1
865161746;392,08;0
865161846;394,44;0
865161946;387,85;0
865162046;389,74;0
865165644;390,88;0
865165744;387,56;0
865165844;387,6;0
865165944;393,12;0
865166044;393,75;0
865166144;389,06;0
865166244;395,985;0
865166344;387,675;0
865166444;389,92;0
865176946;372,07;0
865196546;602,015;0
865198246;503,49;0
865198346;527,19;0
865198446;302,41;0
865198546;420,705;0
865198646;363,43;0
865199446;456,79;0
865199546;581,975;0
865199646;212,21;0
865200246;662,77;0
865209442;431,6;0
865209542;424,18;0
865209642;444,05;1
865212042;444,65;0
865212142;425,945;1
865212242;420,01;0
865212542;439,105;0
865212642;448,29;0
865212742;434,98;0
865212842;451,7;0
865212942;443,745;0
865213042;437,095;1
865213142;377,75;0
865213242;461,975;0
865213342;430,025;0
865213442;446,22;0
865213842;443,4;0
865213942;429,125;0
865214042;454,16;0
865214142;425,47;0
865214242;439,405;0
865214342;426,465;0
865215542;296,3;0
865215642;289,68;0
865215742;290,11;1
865215842;289,84;0
865215942;294,72;0
865216042;291,26;0
865216142;294,35;0
865216242;294,75;0
865216342;290,075;0
865216442;295,45;0
865216542;291,53;0
865216642;288,66;0
865216742;295,34;0
865216842;293,515;0
865216942;294,545;0
865217042;293,26;0
865217142;291,31;1
865217242;293,85;0
865217342;310,89;0
865217442;293,51;0
865217542;292,92;0
865225143;330,69;0
865225243;342,63;0
865227742;516,06;0
865227842;338,165;0
865227942;377,745;1
865228042;381,125;0
865228142;332,445;0
865228242;516,9;0
865228342;514,295;0
865228442;342,77;0
865228542;401,55;0
865228642;390,025;0
865228742;396,925;0
865228842;384,61;0
865228942;351,1;0
865229042;523,32;0
865229642;508,06;0
865229742;355,085;0
865229842;392,04;0
865229942;396,815;0
865230042;396,095;0
865230142;403,225;1
865230242;397,125;1
865230342;402,26;0
865230442;334,67;1
865230542;520,26;0
865232542;334,895;0
865232642;336,75;0
865233642;342,67;1
865233742;648,49;1
865236842;634,205;1
865236946;328,48;0
865237046;312,98;0
865237142;808,54;0
865237242;933,26;1
865237342;443,68;0
865237442;447,8;0
865237542;437,34;0
865249542;341,31;1
865249642;330,61;0
865253242;339,745;0
865253342;336,88;0
865286440;1413,03;0
865286540;1263,38;0
865286640;1268,4;2
865289340;1427,575;0
865289440;1429,34;0
865296240;1753,2;0
865296340;1758,12;0
865936942;338,7175;0
865937042;353,28;0
870002649;389,88;0
870002749;284;0
870002849;293,54;2
870002949;287,09;5
870004249;502,025;0
870007149;338,04;0
870007749;181,62;1
870012449;134,73;0
870012949;366,255;1
870013449;355,32;0
870014449;192,04;0
870014549;131,33;1
870014649;159,1;0
870014849;115,48;0
870014949;140,26;0
870015149;123,7;0
870015249;61,56;1
870015349;134,22;0
870015449;123,12;3
870015749;283,13;0
870015849;287,21;0
870015949;279,6;2
870016049;282,15;2
870016949;125,12;0
870017049;61,56;0
870017149;125,51;0
870017550;101,53;0
870018349;355,9;2
870018549;62,71;0
870018749;128,73;0
870018849;351,94;1
870019049;96,6;2
870019649;124,62;1
870019749;178,32;2
870019949;223,78;1
870020749;124,01;1
870020949;71,34;0
870021049;159,61;0
870021249;161,9;1
870021449;127,98;1
870021549;107,62;0
870021649;127,62;0
870021749;350,46;0
870021849;152,6;0
870021949;136,21;0
870022049;121,74;0
870022149;126,82;0
870023149;174,3;0
870023749;148,02;0
870023849;127,6;1
870023949;126,8;2
870025249;161,12;1
870025349;348,53;0
870026449;226,55;2
870026649;367,59;0
870027849;178,93;2
870028049;51,8;0
870028449;54,3;0
870030549;54,3;0
870030649;54,3;0
870031149;54,3;0
870031449;54,3;0
870031849;54,3;1
870032449;52,55;0
870033349;366,41;0
870033949;122,16;1
870034449;134,35;0
870034649;154,14;0
870034749;153,94;0
870034849;178,2;1
870036349;52,55;0
870036749;54,3;0
870037349;210,36;0
870037449;336,81;2
870037549;376,53;2
870038149;379,24;0
870038849;367,93;2
870038949;359,91;2
870039249;341,37;0
870039649;54,3;0
870039749;54,3;0
870039849;54,3;0
870040050;225,24;2
870040349;336,6;1
870040449;545,29;1
870040549;351,695;1
870040649;53,8;0
870040849;52,55;0
870041149;356,92;0
870041749;344,6;0
870041849;322,65;1
870041949;351,84;1
870042049;362,01;0
870042549;262,23;0
870042649;265,29;0
870043149;322,04;0
870043249;290,49;0
870043449;54,21;0
870043649;316,17;1
870045249;54,21;0
870045349;54,21;0
870045449;54,21;1
870045649;54,21;0
870045749;54,21;0
870045949;54,21;0
870046049;54,21;0
870046349;54,21;0
870046549;54,21;0
870046750;754,84;0
870046850;914,34;0
870046950;909,74;0
870047050;914,555;0
870047150;487,485;0
870047250;448,505;0
870047350;449,43;0
870047449;54,21;0
870047549;54,21;0
870047649;54,21;0
870047849;54,21;0
870047949;54,21;0
870048049;54,21;0
870048349;54,21;1
870048448;442,99;0
870048549;54,21;0
870048749;54,21;0
870048849;54,21;0
870049049;53,75;0
870049149;53,75;0
870049249;53,75;0
870049349;53,75;0
870049449;53,67;0
870049549;54,21;0
870049649;54,21;0
870049749;54,21;0
870049849;54,21;0
870049949;54,21;0
870050049;54,21;0
870050249;54,21;0
870050349;53,75;0
870050449;53,75;0
870050549;53,75;0
870050749;54,21;0
870050849;54,21;0
870051049;54,21;0
870051149;54,21;0
870051249;54,21;0
870051349;54,21;0
870051449;54,21;0
870051549;54,21;0
870051649;54,21;0
870051749;54,21;0
870052049;54,21;0
870052149;54,21;0
870052649;51,71;0
870052749;54,21;0
870052849;54,21;0
870053049;54,21;0
870053149;54,21;0
870053349;54,21;0
870053549;54,21;0
870053649;54,21;0
870053849;54,21;0
870054049;54,21;0
870054249;54,21;0
870054349;54,21;0
870054449;54,21;0
870054649;53,75;0
870054749;54,21;0
870054849;54,21;0
870054949;54,21;0
870055349;54,21;0
870055449;54,21;0
870055649;54,21;0
870055849;54,21;0
870055949;54,21;0
870056049;291,4;1
870056149;288,98;0
870056249;291,07;2
870056349;282,29;1
870056449;274,87;2
870056549;287,065;0
870056649;296,32;1
870056749;287,085;4
870056849;292,69;2
870056949;288,24;1
870057149;54,21;0
870057249;54,21;0
870057549;54,21;0
870057649;54,21;0
870057849;56,71;0
870057949;54,21;0
870058049;301,83;1
870058149;294,54;0
870058449;283;1
870058549;279,6;0
870058649;297,015;0
870058749;292,46;0
870058849;266,82;0
870058949;265,22;0
870059049;269,2;1
870059149;269,9;0
870060749;51,25;0
870060849;51,25;0
870060949;51,25;0
870061049;51,25;0
870062349;634,45;0
870062449;628,43;0
870079549;121,44;0
870079849;175,75;0
870079949;137,29;0
870080049;126,275;2
870080149;121,67;2
870080449;99,58;1
870084148;425,68;0
870084248;453,31;3
870151449;54,3;0
870151549;54,3;0
870151649;54,3;0
870151949;54,3;0
870152149;54,3;0
870152249;54,3;0
870152349;54,3;0
870152549;54,3;0
870153249;54,3;0
870153449;54,3;0
870153749;54,3;0
870153849;54,3;0
870154149;54,3;0
870158449;52,55;0
870158649;52,55;0
870938849;54,3;0
870938949;54,3;0
870946749;54,21;0
870946849;54,21;0
870946949;54,21;0
870947049;54,21;0
870947149;54,21;0
870947349;54,21;0
870948149;54,21;0
870948449;53,71;0
870949349;54,3;0
870949449;54,3;0
870949549;54,3;0
870949649;54,3;0
870949949;54,3;0
870950049;54,3;0
870952851;382,65;0
870952951;393,1;0
870953651;265,585;0
870953751;266,01;0
870953851;249,15;0
870953951;244,9;0
870954051;243,27;0
870954151;262;0
870956049;54,21;0
870956149;54,21;0
870956249;54,21;0
870956349;54,21;0
870956549;54,21;0
870956649;54,21;0
870957849;54,21;0
870958049;54,21;0
870958149;54,21;0
872004650;267,97;0
872007650;269,275;0
872011450;261,51;2
872011750;285,23;0
872015050;251,22;0
872023950;172,96;1
872027450;242,61;0
872027650;248,22;1
872028750;260,44;1
872034350;211,91;1
872035850;209,72;0
872035950;90,1;1
872036250;91,16;0
872037350;167,96;1
872038850;321,23;0
872042550;320,12;0
872046150;321,765;0
872046250;320,34;0
872046350;250,92;1
872046450;243,72;1
872048250;54,1;0
872048550;54,1;0
872048850;54,1;0
872048950;54,1;0
872049050;54,1;0
872049250;54,1;1
872049850;54,1;0
872050550;54,1;0
872050650;54,1;0
872050750;54,1;0
872050950;54,1;0
872051050;51,6;0
872051450;54,1;0
872051550;54,1;0
872051650;54,1;0
872051750;54,1;0
872051850;54,1;0
872052350;54,1;0
872052450;54,1;0
872052550;54,1;1
872052750;54,1;0
872052850;54,1;0
872052950;54,1;0
872053150;54,1;0
872053250;54,1;0
872053450;54,1;0
872053650;54,1;0
872053750;54,1;0
872053850;54,1;0
872053950;54,1;0
872054150;54,1;0
872054450;54,1;1
872054750;54,1;0
872054850;108,2;0
872055350;54,1;0
872055550;108,2;0
872055650;108,2;0
872055750;108,2;0
872055850;108,2;0
872055950;108,2;0
872056050;108,2;0
872056150;108,2;0
872056250;108,2;0
872056450;108,2;0
872056650;108,2;0
872056750;108,2;0
872056850;108,2;0
872057050;54,1;0
872057150;109,9;0
872057250;108,2;0
872057350;108,1;0
872057450;108,2;0
872057550;108,2;0
872057650;108,2;0
872057750;107,7;0
872057850;54,1;0
872058050;108,2;0
872058150;107,94;0
872058250;54,1;0
872058350;108,2;0
872058450;108,2;0
872058550;108,2;0
872058650;108,2;0
872058750;108,2;0
872058850;54,1;0
872058950;108,2;1
872059050;108,2;0
872059150;54,1;1
872059250;108,2;0
872059350;54,1;0
872059450;54,1;0
872059550;108,2;0
872059650;95,9;0
872059850;54,1;0
872059950;54,1;0
872060150;108,2;0
872060850;54,01;0
872061050;108,02;0
872061150;108,02;0
872061250;108,02;0
872061850;105,52;0
872062050;54,01;0
872062150;54,01;0
872062250;54,01;0
872062350;54,01;1
872062450;54,01;0
872062650;54,01;0
872062750;49,44;0
872062850;54,01;0
872062950;54,01;0
872063850;54,01;1
872064050;54,01;0
872064150;54,01;1
872064250;54,01;1
872064450;54,01;0
872064550;51,21;0
872064650;54,01;0
872064750;54,01;0
872064850;54,01;0
872064950;54,01;0
872065250;54,01;0
872065650;311,57;0
872065750;330,4;0
872065850;350,045;0
872065950;365,82;0
872066050;253,58;1
872066550;241,39;1
872066650;272,22;0
872066750;249,81;0
872066850;274,08;0
872066950;271,51;0
872078252;118,5;1
872078652;296,2;0
872946850;249,96;0
872946950;240,08;0
872947050;262,195;0
872947150;262,865;1
872947250;258,275;0
872948450;54,1;0
873003352;496,71;2
873005048;248,7;0
873005248;253,9;1
873012152;157,41;0
873016352;143,875;2
873016852;148,785;1
873016952;156,6;0
873018852;114;0
873024052;718,51;2
873024152;703,93;6
873024652;697,56;8
873024752;613,4;7
873025352;133,36;0
873025452;147,82;0
873030152;322,7;7
873030252;317,7;4
873030352;328,2;5
873030452;314,69;5
873030552;317,5;3
873030652;321,5;4
873030752;272;5
873030852;322;5
873030952;310,5;3
873034652;207,52;1
873034752;199,45;0
873034952;211,73;0
873035052;167,99;0
873035152;189,135;0
873035252;161,88;0
873035352;200,59;2
873035452;209,39;0
873035552;210,73;1
873038650;58;1
873038750;58;0
873038850;58;1
873041250;62,24;0
873041350;62,24;0
873041450;62,24;0
873041550;62,24;0
873041650;62,24;0
873041850;134,78;0
873042350;62,24;0
873042650;57,74;0
873042750;57,74;0
873042850;57,74;0
873043050;62,24;0
873043250;62,24;0
873043350;62,24;0
873043450;62,24;0
873043550;62,24;0
873043750;62,24;0
873044050;62,24;0
873044150;62,24;0
873044250;62,24;0
873044350;60,94;0
873044550;62,24;0
873044650;62,24;0
873044750;62,24;1
873044850;62,04;0
873044950;62,24;0
873045050;62,24;0
873045250;62,24;0
873045450;62,24;0
873045550;62,24;0
873045650;62,24;0
873045750;62,24;0
873045850;62,24;0
873047152;273,675;0
873047252;291,4;1
873047450;52,74;0
873047550;62,24;0
873047650;57,24;0
873047950;62,24;0
873056750;550,655;1
873056850;529,77;0
873056950;501,2;0
873057450;552,58;0
873057550;496,19;0
873057650;560,89;0
873057750;490,715;0
873058650;543,45;1
873059850;541,8;2
873059950;537,2;1
873063152;110,42;1
873063252;110,19;2
873065452;516,79;0
873065852;298,825;0
873066052;277,585;0
873066152;337,82;1
873066252;328,39;0
873066352;295,67;0
873066452;300,35;0
873066552;304,3;0
873066752;322,835;0
873066852;315,555;0
873066952;326,535;0
873067052;292,36;1
873067352;322,065;0
873067452;318,115;0
873067652;325,99;0
873067752;318,745;0
873080252;299,43;1
873080552;268,835;3
873083352;497,81;0
873083652;438,285;0
873085352;110,12;0
873085752;110,12;0
873085852;55,06;0
873086052;110,12;0
873086152;105,12;0
873086252;110,12;0
873090452;55,99;0
873090952;55,99;0
873091252;55,99;0
873091352;55,99;0
873091552;55,99;0
873091652;55,99;0
873092152;55,99;0
873092352;55,99;0
873092552;55,99;0
873092652;55,99;0
873093552;55,99;0
873093652;55,99;0
873094152;55,99;0
873094552;55,99;0
873094852;55,99;0
873095152;55,99;0
873095252;55,99;0
873095352;55,99;0
873095652;55,99;0
873095852;55,99;0
873096052;55,99;0
873096252;55,99;0
873096452;55,99;0
873096752;55,99;0
873096852;55,99;0
873097252;55,99;0
873097852;55,99;0
873098052;55,99;0
873098152;55,99;0
873098252;55,99;0
873098352;55,99;0
873098752;55,99;0
873098852;55,99;0
873111952;485,98;1
873112052;408,135;0
873112152;411,05;0
873112252;474,94;0
873112352;406,805;0
873112452;416,04;0
873112552;479,475;0
873112652;408,05;0
873112752;407;1
873112852;479,675;0
873112952;405,68;0
873113052;403,8;0
873156952;409;0
873157052;407,8;0
873906552;259,38;0
873946150;62,24;0
873946250;62,24;0
873946950;57,74;0
873947250;57,74;0
873948050;62,24;0
873948150;62,21;0
873948650;62,23;0
873949250;62,24;0
873949650;62,24;0
873949850;62,24;0
873950050;62,24;0
873950350;62,24;0
873950450;62,24;0
873950750;62,24;0
873950850;62,24;0
873951050;62,24;0
873951250;62,24;0
873951350;62,24;0
873951450;62,24;0
873951850;62,24;0
873951950;62,24;0
873952050;62,24;0
873952550;62,24;0
873985452;157,51;2
873985552;178,5;0
873985752;172,82;1
873985952;143,4;1
873986052;120,35;0
873986152;151;1
875002848;353,42;0
875003048;342,03;1
875010848;425,11;0
875010948;423,14;0
875011048;425,6;0
875011148;425,39;0
875011248;459,845;0
875011348;439,545;0
875011448;456,05;0
875014548;452,97;1
875014748;434,81;2
875016648;135,56;2
875017048;54,16;0
875017248;54,36;0
875017448;54,36;0
875018048;54,36;0
875018248;55,16;0
875018548;55,16;0
875018648;54,36;0
875018848;144,16;0
875019148;34,66;0
875019648;131,04;1
875021748;157,32;0
875022448;449,45;0
875022648;457,06;0
875023748;98,28;0
875023848;98,28;1
875029048;421,76;1
875029248;446,745;1
875029348;433,66;2
875032548;387,73;1
875032648;439,475;0
875032748;396,415;1
875032848;418,47;0
875032948;441,88;3
875033048;411,45;3
875033148;404,57;1
875033248;440,05;5
875033348;376,628;0
875046748;445,37;3
875046848;417,05;2
875046948;405,335;2
875047048;499,63;6
875047448;406,46;1
875048248;457,85;0
875048348;454,58;0
875048448;484,48;0
875048548;444,01;1
875048648;461,485;2
875048748;477,495;1
875048848;471,345;3
875049648;446,565;6
875049748;300,61;1
875049848;305,01;0
875049948;306,78;0
875050048;307,065;1
875050148;245,89;0
875050248;299,56;2
875051848;371,66;1
875051948;470,65;0
875052048;328,015;2
875052148;313,04;0
875052248;479,63;1
875052348;471,035;1
875052448;452,66;0
875052748;477,805;1
875052848;460,455;0
875052948;474,665;0
875053048;515,895;2
875053148;503,67;1
875053248;501,455;0
875053348;512,525;0
875053448;500,815;0
875053648;337,31;1
875053748;343,7;1
875053848;348,38;0
875053948;328,42;0
875054048;271,8;0
875054148;353,13;0
875054548;334,56;0
875054648;343,085;0
875054748;340,21;0
875054848;359,58;0
875065348;178,19;1
875065548;236,09;2
875065648;174,6;3
875065748;171,84;0
875065848;175,28;1
875065948;415,305;1
875066048;185,95;3
875066248;179,37;1
875066348;135,56;1
875066448;181,75;0
875066648;184,04;2
875066748;186,875;3
875104148;2239,915;0
875154648;51,16;0
875154748;55,18;0
875154948;55,12;0
875155048;117,34;0
875155148;69,25;0
875155348;54,36;0
875155448;55,12;1
875155648;54,76;0
875156048;54,16;0
875156148;54,56;0
875156348;54,56;0
875156848;54,76;0
875162548;61,66;0
875162648;62,2;0
875162848;62,2;0
875174851;382,91;0
875174951;429,27;0
875175048;92,65;1
875176851;285,395;0
875176951;210,695;0
875177051;73,1;0
875177151;267,725;0
875177551;408,14;0
875177651;298,93;0
875177851;181,6;0
875177951;284,26;0
875178151;253,92;0
875178951;269,065;0
875179051;383,26;0
875179151;319,67;0
875179251;299,11;0
875179351;302,51;0
875179451;437,77;0
875179551;314,01;0
875179651;185,23;0
875179751;279,775;0
875179851;172,24;0
875179951;225,15;0
875180051;304,28;0
875180151;212,11;0
875180251;284,19;0
875180351;212,68;0
875180451;282,94;0
875180551;185,06;0
875180651;264,915;0
875180751;296,925;0
875180851;176,92;0
875180951;177,385;0
875916948;50,615;0
875917848;50,975;0
875917948;46,07;0
875947448;50,615;0
880029060;426,94;0
880029160;430,6;0
880029260;409,62;1
880029360;420,015;1
880029460;436,465;0
880029560;429,055;0
880029660;436,555;0
880029760;437,965;0
880029860;426,165;0
880029960;422,91;0
880030060;428,04;0
880030160;441,485;0
880030260;424,965;0
880030360;426,45;1
880030460;410,355;1
880030560;418,35;0
880030660;436,64;0
880030760;424,355;0
880031160;413,01;2
880031260;424,675;0
880031360;430,795;0
880031460;302,675;0
880031560;296,35;0
880031660;294,36;0
880031760;293,39;0
880032660;292,635;1
880032760;289,81;0
880032860;287,03;0
880032960;292,53;0
880033060;292,9;0
880033160;297,315;0
880033260;293,61;0
880033360;293,115;0
880033460;294,78;0
880033560;300,94;0
880033660;296,94;0
880033760;295,39;0
880033860;292,305;0
880033960;296,335;0
880034060;300,765;0
880034160;297,975;0
880034260;294,675;0
880034360;297,95;0
880034460;298,435;0
880034560;293,345;0
880034660;317,205;0
880034760;296,5;0
880034860;298,645;0
880034960;297,875;0
880035060;292,68;1
880035160;294,9;0
880035260;297,6;0
880035360;293,25;1
880035460;291,3;0
880035560;292,8;0
880035660;290,76;0
880035760;291,125;1
880035860;292,42;0
880035960;291,48;0
880036060;293,555;0
880036160;293,025;0
880036260;301,33;0
880036360;303,985;0
880036460;304,22;0
880036560;299,365;0
880037060;308,69;0
880037160;305,775;0
880037260;303,025;0
880037360;303,265;0
880037460;299,435;0
880037560;306,25;0
880037660;303,45;0
880037760;317,075;0
880037860;302,535;1
880037960;299,085;0
880038060;302,4;0
880038160;312,345;0
880038760;682,5;1
880039360;404,64;0
880039460;397,575;0
880039560;401,695;0
880039660;401,4;0
880039760;403,295;0
880039860;402,625;0
880039960;393,34;0
880040060;401,735;1
880040160;1049,455;1
880040260;399,72;0
880040360;395,805;0
880040460;398,58;0
880040560;402;0
880040660;1032,17;0
880040760;387,005;0
880040860;405,195;0
880040960;400,525;0
880041060;420,99;0
880041260;304,75;0
880041360;299,045;0
880041460;298,24;0
880041560;297,325;0
880041760;197,335;0
880041860;249,255;0
880041960;291,14;0
880042060;295,05;0
880042160;293,6;0
880042260;298,2;0
880042360;294,94;0
880042460;309,35;0
880042560;301,155;0
880042660;299,475;0
880042760;310,785;0
880043665;1494,36;1
880043765;1243,21;0
880043865;1502,67;0
880043965;1494,72;0
880044065;1494,26;0
880044165;1525,85;0
880044265;1512,025;0
880044365;1045,55;0
880067160;210,8;0
880067260;875,35;1
881046365;1241,1;1
881046465;1053,535;1
881046565;1068,545;1
881046665;800,185;0
881046765;805,66;1
881046865;1033,48;0
881046965;1016,44;0
881047065;1513,255;0
881047165;1491,065;0
881047265;981,175;0
881047765;1541,61;1
881047865;1522,02;0
881051461;1529,905;0
881051561;1465,75;0
881051661;1227,635;0
881051761;1039,605;0
881051861;981,905;0
881051961;1054,45;1
881052061;1047,835;0
881052161;1019,465;0
881052361;1182,01;2
881052461;1035,545;0
881052561;1028,315;0
881052761;1038,42;0
881052861;1026,89;0
881052961;1029,62;1
881053061;844,935;0
881053161;1195,47;0
881053261;1155,405;0
881053361;1547,25;1
881053461;1450,07;1
881053561;1180,74;0
881053661;1237,72;2
881054361;1017,975;0
881054461;1214,265;0
881054561;1218,47;0
881054661;1192,195;0
881054761;1221,485;1
881054861;1211,945;0
881063065;1264,45;0
881063165;1286,885;0
881063265;1227,42;0
881063565;1323,03;0
881063665;1216,27;1
881063765;1235,165;0
881063865;1021,645;0
881063965;1014,975;0
881065865;1478,78;0
881065965;1536,01;0
881066065;1302,35;0
881066165;1809,09;0
881066265;1184,035;0
881066365;956,935;0
881066465;739,645;0
881066565;1096,635;1
881066665;1392,46;1
881066765;1074,665;0
881081665;1252,9;0
882053765;1217,66;0
882053865;1185,785;1
882053965;963,395;1
882054065;909,305;0
882054165;1185,49;0
882054265;1022,62;0
882057062;1059,44;1
882057162;1076,82;0
882057262;1078,105;0
882057362;1047,14;0
882057462;1219,415;0
882057562;1194,8;0
882057662;1105,44;0
882057762;1091,285;0
882057862;1094,79;0
882057962;1088,875;0
882058062;1062,525;0
882058162;1075,685;1
882058262;1114,81;0
882058362;1196,145;0
882058462;1043,31;0
882058562;930,61;1
882058662;1579,02;3
882059062;1584,01;0
882059162;1276,22;0
882059262;1442,12;0
882059362;1904,445;0
882059462;1005,95;0
882059562;861,58;0
882059662;1274,92;1
882059762;1581,205;0
882059862;839,59;2
882059962;1005,685;0
882060062;857,23;1
882060162;1198,475;1
882060262;1197,23;0
882060362;1274,895;2
882060462;1295,91;0
882060562;1208,315;2
882060662;1209,885;1
882060762;1052,25;0
882060862;1227,385;0
882060962;1220,455;0
882061062;1216,77;0
882061162;1215,27;0
882061262;1001,38;0
882061362;687,12;0
882061462;1512,3;0
882061562;689,45;0
882061662;950,54;0
882061762;1226,915;0
882061862;1207,11;0
882061962;1220,765;0
882062062;1213,82;0
882062162;1044,16;0
882062262;1039,81;0
882062362;1215,82;1
882062462;1268,005;0
882062562;1340,8;0
882062662;1316,25;1
882062762;1282,137;1
882062862;1235,45;0
882093961;1960,085;0
883067663;1245,955;1
883067763;1947,185;0
883067863;1457,11;0
883068163;1439,14;1
883068263;1219,355;0
883068363;1772,245;0
883068463;1474,775;0
883068563;831,925;0
883068663;1036,89;0
883068763;1173,095;0
883073163;1396,2;0
883073263;1356,565;0
883073363;1021,62;0
883073463;1213,75;0
883073563;1021,785;0
883073663;1024,805;0
883073763;1225,625;1
883073863;1006,865;0
883073963;1280,665;1
883074063;1180,575;0
883074263;1397,35;2
883074363;1339,155;0
883074463;1236,02;1
883074563;1236,35;0
883074663;1071,875;0
883074763;968,07;0
883074863;965,515;0
883074963;1030,885;0
883075063;1245,365;2
883075163;1248,995;0
883075263;1337,135;0
883075363;1221,335;1
883076363;930,36;0
883076563;1309,275;0
883076863;947,85;0
883076963;1498,74;0
883077163;973,51;0
883077263;960,175;0
883077363;1226,43;0
883077463;976,185;0
883077563;1232,335;1
883077663;1013,725;0
883078766;1424,405;2
883078866;1426,34;0
883078966;1442,61;0
883079066;1255,19;0
883079666;1402,68;0
883079766;1317,69;1
883079866;1223,635;1
883079966;1229,38;0
883080066;1177,79;0
883080166;1216,125;0
883080266;1421,13;0
883080366;1418,13;0
883080466;1458,79;2
883080566;1129,19;0
884069564;1516,485;1
884069664;1024,35;0
884069764;994,395;0
884069864;1401,6915;1
884069964;1427,915;0
884070064;1210,58;0
884070164;1207,095;0
884070264;1011,775;0
884070364;1025,465;1
884070464;1015,135;1
884070564;1539,975;0
884070664;1538,405;0
884070764;2032,95;1
884070864;1226,38;0
884070964;1320,215;1
884071064;1207,095;0
884071164;1225,89;0
884071264;1226,995;0
884071461;1012,09;0
884071561;1214,415;1
884071661;995,765;0
884071761;654,305;0
884071861;570,825;1
884071961;546,425;0
884072061;1001,89;0
884072561;1187,77;0
884079161;1156,57;0
884079261;1200,95;1
884079361;1204,215;1
884079461;1292,285;2
884079561;1226,245;0
884080761;1202,395;0
884080861;1290,825;0
884080961;1195,245;1
884081061;1115,26;0
884081161;654,595;1
884081261;649,175;0
884081361;733,68;0
884081461;1198,84;1
884081561;1188,285;0
884081761;1006,695;0
884081861;1211,655;0
884081961;1202,96;0
884082161;894,12;0
884082261;1228,83;2
884082361;1213,125;0
884082561;1216,75;1
884086063;1341,745;0
884086163;879,785;0
884086263;891,5;0
884086363;1365,14;0
884086463;1276,53;0
884086563;1087,11;0
884086663;1260,39;0
884086763;2127;0
884086863;1243,685;0
884090663;920,34;0
884090763;935,595;1
885002568;970,975;0
885002668;798,78;0
885009168;358,745;0
885009268;626,06;0
885038468;1467,27;0
885038568;1038,73;0
885080451;317,27;0
885081151;320,315;0
885082151;403,6;0
885082251;397,74;0
885082351;405,855;0
885082451;400,845;2
885082551;408,67;0
885082651;399,62;0
885082751;403,65;0
885082851;408,4;0
885082951;411,235;0
885083051;401,71;0
885083151;401,6;0
885083251;411,255;0
885083351;403,19;0
885083451;407,16;0
885083551;412,9;0
885083651;413,995;0
885083751;424,175;0
885083951;408,72;0
885084051;408,9;0
885084551;1414,22;0
885084651;425;0
885084751;415,615;0
885084851;407,275;0
885084951;410,21;0
885085051;1373,065;1
885085151;1415,445;2
885085451;418,4;0
885085551;409,155;0
885085651;422,135;0
885085751;415,35;0
885085851;413,75;0
885085951;419,945;0
885086051;427,805;0
885086151;418,32;0
885086251;414,31;0
885086351;413,545;0
885086451;405,21;0
885086551;411,81;0
885086651;668,84;0
885086751;812,91;0
885086851;526,195;0
885086951;351,34;0
885087051;438,66;0
885087151;268,225;0
885087251;265,045;0
885087351;350,085;0
885087451;346,41;0
885090368;627,845;0
885090468;619,57;0
885090568;629,185;0
885090668;629,28;0
885090768;616,09;0
885090868;619,23;0
885091468;1039,48;0
885094168;578,215;0
885094968;865,17;1
885095168;671,69;0
885095268;1073,015;0
885095368;1336,565;0
885095468;1316,115;1
885095668;1422,05;0
885095768;1775,625;0
885097168;1405,925;0
885109451;511,79;0
885109551;498,545;0
885121451;383,93;0
885121551;385,54;0
885124468;1203,145;0
885124568;1206,95;0
885124668;1202,75;0
885161751;1757,055;0
885161851;1741,235;0
885240268;988,59;1
885952168;681,44;1
885953168;679,14;0
886050365;1409,515;0
886050465;1267,98;1
886050865;1251,21;1
886050965;1553,655;0
886051065;580,275;0
886051165;1259,075;1
886067365;524,35;0
886067465;562,27;1
886083662;1087,82;1
886083762;883,625;0
886083862;1324,26;0
886083962;1256,88;0
886084062;1337,935;0
886084462;1115,075;0
886087060;1331,68;1
886087160;1258,865;0
886088660;1003,555;0
886088760;1013,28;0
886088860;1097,26;1
886095664;769,36;0
886095764;753,71;0
886095864;766,255;0
886098666;944,655;1
886098766;938,45;0
886098866;903,875;0
886100566;796,325;0
886100666;808,36;0
886100766;826,085;0
886106666;942,22;0
886106766;958,635;0
886106866;934,805;0
886106966;935,83;0
886124866;936,655;0
886124966;941,32;0
886167366;3867,29;1
886167466;3856,82;2
886167566;3866,615;0
886167866;1403,015;0
886195566;702,385;0
886195666;697,99;0
886195766;681,515;0
886195866;697,865;0
886195966;699,44;0
886443266;3795,69;1
886600866;699,275;0
886601766;3818,2;0
887012570;743,335;0
887012670;761,755;0
887012770;767,898;1
887012870;782,9;0
887012970;782,695;0
887013370;1026,785;0
887013470;1057,115;0
887013570;1062,25;0
887022067;1371,99;0
887022167;1379,665;0
887022267;1371,965;0
887022367;1376,875;0
887022467;1519,9;0
887022567;1565,54;0
887022667;1391,6;0
887024069;697,765;0
887024169;1047,27;0
887024269;1040,36;1
887035969;140,15;0
887036069;140,35;0
887036169;140,35;0
887036269;140,35;0
887036369;140,35;0
887036469;140,35;0
887036569;140,35;0
887036669;143,94;0
887036769;139,88;0
887036869;139,88;0
887036969;138,03;0
887037069;138,03;0
887037169;138,03;0
887037269;138,59;0
887037369;138,31;0
887037469;138,59;0
887037569;138,59;0
887037669;138,59;0
887048470;3691,54;1
887048570;6382,1;2
887068867;3564,04;0
887069167;1320,405;0
887069267;1294,76;0
887069367;1295,465;0
887069467;1304,185;1
887069567;1294,23;1
887118768;2211,275;0
887118868;2210,205;0
887118968;2210,91;1
887150869;2231,485;0
887150969;2228,885;0
887189367;1538,73;0
887189467;1568,085;1
887189567;1408,125;0
887189667;1406,905;0
887189767;1407,225;0
887296169;1432,01;1
887296269;1425,555;0
887296369;1427,68;0
887296969;1233,955;0
887297069;1228,605;0
888017267;140,655;0
888017467;140,81;0
888017667;140,59;0
888017867;140,955;1
888018067;138,81;0
888018267;140,64;0
888018367;1346,38;0
888018467;133,78;0
888018667;140,58;0
888018867;140,715;0
888019067;140,565;0
888019267;140,44;0
888019467;141,065;1
888019667;140,99;0
888019867;140,455;0
888020067;140,245;0
888020267;140,735;0
888020467;138,39;0
888020667;140,565;0
888020867;140,47;0
888021067;140,29;0
888021267;140,555;0
888021467;141,13;0
888021667;140,265;0
888021867;140,66;0
888022067;140,72;0
888022267;139,965;0
888022467;139,13;0
888022667;140,44;0
888022867;139,285;0
888023067;139,45;0
888023267;139,44;0
888023467;139,615;1
888031369;1176,35;1
888031469;1177,58;0
888040669;652,995;0
888042569;665,5;1
888042669;498,015;0
888044069;2380,92;1
888048768;1005,4;0
888048868;1009,625;0
888048968;1139,695;1
888049068;1155,923;0
888049168;1417,57;0
888049268;1385,22;0
888049368;1030,265;0
888056870;1044,61;0
888060270;257,755;0
888060370;258,5;0
888060470;258,5;0
888060570;258,275;0
888060670;259,49;0
888060770;258,31;0
888060870;255,93;0
888060970;258,66;0
888061070;258,37;0
888061170;258,25;0
888061270;308,505;0
888061370;305;0
888061470;303,335;2
888061570;304,215;0
888061670;303,955;0
888061770;303,86;0
888061870;307,385;0
888061970;300,04;1
888062070;302,39;0
888062170;305,325;1
888062270;304,13;0
888062370;304,49;0
888062470;305,83;0
888062570;305,405;0
888070267;1409,075;0
888071970;1135,79;0
888072070;1153,71;1
888072170;1013,095;0
888072270;1016,04;0
888072370;1022,385;0
888072470;1029,57;0
888079770;3625,89;0
888079870;6330,185;1
888193567;1030,63;1
888193667;1059,275;0
888193767;1054,6;0
888193867;1035,22;0
888193967;1038,04;0
888194067;1050,98;0
888194167;1170,48;0
888194267;1169,38;0
888194367;996,335;0
888194567;3261,35;0
888194667;3248,635;0
888293769;703,755;0
888293869;716,8;0
888293969;717,98;0
888294369;704,215;0
888294469;717,965;0
889025069;700,785;0
889025169;700,525;0
889025269;699,84;0
889025369;700,435;0
889025469;698,73;0
889025569;702,765;0
889025669;701,2;0
889025769;1053,4;0
889025869;1057,535;0
889025969;1055,745;1
889026069;1063,255;0
889026169;1051,225;0
889027670;1007,155;0
889027770;1007,6;1
889027870;1008,275;0
889027970;1006,775;0
889028070;1010,895;0
889028170;1012,705;0
889028270;1013,955;0
889028370;1007,995;0
889028470;1012,09;0
889037969;1010,65;0
889038069;1010,63;0
889038169;1007,305;0
889038269;1007,95;0
889038369;1010,29;0
889038469;1005,54;0
889038569;2368,965;0
889038769;1028,485;0
889038869;1017,25;0
889038969;1022,085;0
889039069;1006,76;0
889039169;1005,495;0
889039269;1012,35;0
889289468;767,525;0
889289568;766,34;0
889289668;766,19;0
889289768;772,75;1
889290168;1169,34;1
889290268;1180,34;1
889290368;1153,88;0
